state,area,pincode
Assam,2 No Bokanala,787032
Assam,Adarsha Deurigaon,785676
Assam,Adi Alengi Satra,787054
Assam,Aghunibari,786613
Assam,Ahomoni,787052
Assam,Akajan Bormuria,787059
Assam,Aktai,787110
Assam,Alimur,786101
Assam,Amtola Jaintpur,787052
Assam,Anandapara,786692
Assam,Angerkhowa,787031
Assam,Aradhal,787057
Assam,Arimora Tiniali,784165
Assam,Ashabam,786621
Assam,Assam Medical College,786002
Assam,Azad,787031
Assam,Bachapathar,786101
Assam,Badati,784161
Assam,Badhakhara,787032
Assam,Bahadurchuk,787031
Assam,Bahgora Deurigaon,784161
Assam,Bahpara,787055
Assam,Bairagimath,786003
Assam,Baji Pohumara,786613
Assam,Balai Nagaon,785676
Assam,Balaibari,786007
Assam,Baligaon,785676
Assam,Balijan North Te,786184
Assam,Balimora,786610
Assam,Bam Kolakhowa,786007
Assam,Bamunbari,786613
Assam,Bamunibill,786610
Assam,Banipur,786003
Assam,Barbali,784163
Assam,Barbam,786611
Assam,Barbaruah,786007
Assam,Barkhamukh,787055
Assam,Barpathar,786004
Assam,Barpathar Gaon,785676
Assam,Batamari Tiniali,787053
Assam,Batgharia,787057
Assam,Batuamukh,787110
Assam,Bauli,787057
Assam,Begumgaon,787055
Assam,Behating Tiniali,786004
Assam,Bengenagarah,787058
Assam,Betanipam,787059
Assam,Bhadoi Pachali,786191
Assam,Bhagwan,787059
Assam,Bhajoni,786103
Assam,Bhatowkuchi,784165
Assam,Bhebeli Gaon,787110
Assam,Bhimpara Balijan,787032
Assam,Bhogamurgaon,785676
Assam,Bhogpur Chariali,787033
Assam,Bholabari,787033
Assam,Bhurburi,786003
Assam,Bihupuria,784161
Assam,Bilmukh,787053
Assam,Bishnupur,787057
Assam,Bismile,786184
Assam,Bogadat,786612
Assam,Bogibil,786004
Assam,Boginadi,787032
Assam,Bogolijan,787031
Assam,Bokul,786010
Assam,Bokulguri,787055
Assam,Bokuloni Chariali,786191
Assam,Bongalchuk,787023
Assam,Bonpuroi,784165
Assam,Bor Alengi Satra,787054
Assam,Borabhayapuri,786103
Assam,Borachira Gaon,787057
Assam,Borbamgaon,786610
Assam,Bordeurigaon,784164
Assam,Bordoibam,787053
Assam,Bordoloni,787026
Assam,Borgaya Khagori,787031
Assam,Borkhelia,787032
Assam,Borkhermia,786621
Assam,Borlung,787057
Assam,Bormuriachuk,787031
Assam,Borpathar,786613
Assam,Borshala,787023
Assam,Budhbazar,787031
Assam,Bulakata,787057
Assam,Buri Khowang,785675
Assam,Burisuti,787110
Assam,Cementmukh,787059
Assam,Central Revenue Building,786003
Assam,Chaboti,787051
Assam,Chabua Air Field,786102
Assam,Chabua,786184
Assam,Chaharikata,785676
Assam,Charaimoria,787032
Assam,Chaulkhowa,786004
Assam,Chenibill Chungipathar,786103
Assam,Chetia Gaon,786184
Assam,Chiringhula,786010
Assam,Chowkidingee,786003
Assam,Dafalakata,787052
Assam,Dangopara Chariali,786611
Assam,Daulatpur,787054
Assam,Dejoo Te,787031
Assam,Dekapam,787061
Assam,Demow Chariali,787059
Assam,Deotala,787033
Assam,Desam,786610
Assam,Deuliagaon,787053
Assam,Deuribarbam,787026
Assam,Deurigaon,786007
Assam,Dhakuakhana,787055
Assam,Dhalpur,784165
Assam,Dhamalgaon,786004
Assam,Dhaman,786610
Assam,Dharmagarh Sevashram,784165
Assam,Dharmapur,784160
Assam,Dhemaji,787057
Assam,Dhemechi,785675
Assam,Dhenukhana,787053
Assam,Dhuapathar,786611
Assam,Dhubabari,787058
Assam,Dhunaguri,787054
Assam,Dhunaguri Borgaya Deori Gaon,787110
Assam,Dibru Amguri,786610
Assam,Dibrugarh,786001
Assam,Dibrugarh Polytechnic,786010
Assam,Dibrugarh University,786004
Assam,Dighali Debera,787058
Assam,Dighalia,786101
Assam,Dighalia Hiloidhari,787055
Assam,Dighaliagaon,786007
Assam,Dihing Hola,786101
Assam,Dihing Kinar,786610
Assam,Dihingia Gaon,785675
Assam,Dikari Morang Gaon,785675
Assam,Dikhari Kinar Gaon,785675
Assam,Dikom,786101
Assam,Dikrong,784164
Assam,Diksam Ouphulia,786613
Assam,Dillibari,786103
Assam,Dinjoy,786184
Assam,Dipa,787061
Assam,Dirai Te,786611
Assam,Dirgha Majgaon,787032
Assam,Domur Dolong,786613
Assam,Dongibill,784161
Assam,Doolahat,787023
Assam,Duliajan,786602
Assam,Duliapthar,784164
Assam,Durpang,787033
Assam,Echarikata Balijan,787052
Assam,Erameshlow Gaon,785676
Assam,Fakialgaon,786610
Assam,Fukhanarhat,787052
Assam,Fulbari Bokanadi,787023
Assam,Ga Dangar Chuk,787053
Assam,Gabharu Tunijan,784160
Assam,Gali Borbali,787060
Assam,Gandhia Tiniali,787058
Assam,Garbandhi Bamunpukhuri,786613
Assam,Garchiga,787052
Assam,Garguri,786612
Assam,Garpara,786101
Assam,Garpthar,786613
Assam,Garudharia,786007
Assam,Gereki,787032
Assam,Gerukamukh,787035
Assam,Gharmora,787032
Assam,Ghatapara,787053
Assam,Ghilamara,787053
Assam,Ghinai,786621
Assam,Ghughuhadal,787053
Assam,Ghuguloni Ahumgaon,785675
Assam,Ghunasuti,787032
Assam,Goalchapori,787057
Assam,Gobindapur,787055
Assam,Gogamukh,787034
Assam,Gohaingaon,787057
Assam,Gohaingaon,786007
Assam,Gojpuria,786610
Assam,Goroimari,787032
Assam,Goroimari Gaon,785676
Assam,Gorumoria,787032
Assam,Gosaibari,787033
Assam,Gozpuria,785675
Assam,Graham Bazar,786001
Assam,Guttung,787057
Assam,Haladhibari,785676
Assam,Hamarathan,784161
Assam,Hapotia,787058
Assam,Harabari,786012
Assam,Harak Pathar,786003
Assam,Haribor Naharoni,784160
Assam,Harmoti Merbil,784160
Assam,Hatiali Siding,786184
Assam,Hatibondha,786103
Assam,Hatigarh,787057
Assam,Hatilung,787031
Assam,Hatkhula,786010
Assam,Hazelbank,786101
Assam,Hiloidhari,786002
Assam,Hindugaon,787032
Assam,Hollowdanga,787026
Assam,Islamgaon,787054
Assam,Itakhuli,786007
Assam,Jagoloni Grant,786004
Assam,Jairampur,787026
Assam,Jalan Nagar,786005
Assam,Jalbhari,787055
Assam,Jaloni Dibruduar,786602
Assam,Jamirah,786004
Assam,Jamuguri Panchali,787057
Assam,Janakalyan Chariali,787110
Assam,Japisajia,787031
Assam,Japjup,784161
Assam,Jeypore Mobile,786614
Assam,Jeypore,786614
Assam,Jiadhal,787057
Assam,Jokai,786003
Assam,Jokai Bongaon,786003
Assam,Jonai,787060
Assam,Jorabari,784164
Assam,Joriguri,784160
Assam,Jorkata,787058
Assam,Joyhing Te,787051
Assam,Joysagar,787055
Assam,Jugisuti,787058
Assam,Kabu Chapori,787060
Assam,Kachari Pathar,786602
Assam,Kachari Pathar,787058
Assam,Kachikota Mirideurigaon,784161
Assam,Kachua,784165
Assam,Kadam,787032
Assam,Kadamguri,787034
Assam,Kadamoni,786001
Assam,Kaitung,787058
Assam,Kakoi Rajgarh,787051
Assam,Kalakata,787058
Assam,Kalakhowa Adarsha Gaon,787023
Assam,Kalakhowa Chariali,786007
Assam,Kaligaon,787053
Assam,Kamalpur,784164
Assam,Kamalpur Chariali,784165
Assam,Kamargaon,786614
Assam,Kambong Gaon,787052
Assam,Kamini Tea Estate,786191
Assam,Kankan Chapori,787055
Assam,Kasulugaon,786612
Assam,Kathalguri,785675
Assam,Kathalguri,786602
Assam,Katri Chapori,787056
Assam,Kaupatani,787034
Assam,Kekuri,787055
Assam,Kekuri Pamuagaon,787055
Assam,Kekuri Sonowal,786613
Assam,Kendriya Vidyalaya,786602
Assam,Kenduguri Te,786611
Assam,Kerekani Majgaon,787110
Assam,Kerekjuli,787033
Assam,Khajuapatir,787055
Assam,Khaliamari,786001
Assam,Khaliamari Pamuagaon,787058
Assam,Khalihamari,787053
Assam,Khamti Ghat,786003
Assam,Khania Gaon,786003
Assam,Kharkati,787052
Assam,Khelmati,787031
Assam,Kherkatamukh,787055
Assam,Khoga,787052
Assam,Khonajan,787031
Assam,Khorachukgaon,787034
Assam,Khowang Chariali,785676
Assam,Khowang Ghat,785676
Assam,Khowang,785675
Assam,Khubalia,787057
Assam,Kinapathar,784164
Assam,Koliapani,786610
Assam,Kolowlowa,785676
Assam,Konwar Handique Gaon,786008
Assam,Konwargaon,787032
Assam,Konwarigaon,786610
Assam,Konwaripathar,786010
Assam,Kotoha,785676
Assam,Kowadonga,787031
Assam,Krisipam Nigam,785675
Assam,Kuhiarbari,787052
Assam,Kuksabari,784165
Assam,Kulajan Tiniali,787110
Assam,Kumar Gaon,786008
Assam,Kutubpur,787054
Assam,Lachit Nagar,786611
Assam,Laguaborah,787053
Assam,Lahoal,786010
Assam,Laholial,784161
Assam,Laimekuri,787060
Assam,Lakhanabari,784160
Assam,Lakhipathar,787057
Assam,Lalmati Gaon,786007
Assam,Laluk,784160
Assam,Leku,787060
Assam,Lengeri Bazar,786613
Assam,Lengrai,786103
Assam,Lepetkata,786006
Assam,Letekupukhuri,787033
Assam,Lezai,786007
Assam,Likhakchapori,787054
Assam,Lilabari AF,787051
Assam,Lilapur,786602
Assam,Lotakigaon,787034
Assam,Lukumai,785675
Assam,Machkhowa,787058
Assam,Madhavpur,784164
Assam,Madhupur,787033
Assam,Madhuripathar,787059
Assam,Mahaijan,787032
Assam,Mahkhowa,786611
Assam,Mahmora Ali Kinar,786621
Assam,Mahmora,786101
Assam,Majbam Chariali,785675
Assam,Majorbari Budhbaria Bazar,787059
Assam,Mancotta,786003
Assam,Manikachuk,787055
Assam,Mathawani,786610
Assam,Matiakhana,786184
Assam,Matikhola,787057
Assam,Mechaki Tongani Mirigaon,787110
Assam,Medela,786007
Assam,Medhisutigaon,787055
Assam,Melengial Gaon,786010
Assam,Meramukh,784164
Assam,Merbil,784160
Assam,Mingmang,787035
Assam,Missamari,787026
Assam,Moderguri,787055
Assam,Moderkhat,786101
Assam,Mohanaghat,786008
Assam,Mohanbari Air Field,786012
Assam,Mohemari,787055
Assam,Moidumia,787032
Assam,Moinapara,787034
Assam,Moitri Ashram,787051
Assam,Morichapathar,784161
Assam,Moridhal,787057
Assam,Mornoi Bebejia,787055
Assam,Mornoikhora,787054
Assam,Muktiar Chapori,787110
Assam,Na Ali Mirigaon,787052
Assam,Na Deoghoria,786103
Assam,Na Nadi Bhebeli Kahcari Gaon,787034
Assam,Nachani,786613
Assam,Nadua,786101
Assam,Naga Ghuli Kanaigaon,786012
Assam,Nagajan,786191
Assam,Nagakhelia,787057
Assam,Nagargaon,785676
Assam,Nahahpara Barbil,786613
Assam,Naharkatia,786610
Assam,Nahazhar,785675
Assam,Nakhat Sonowal Gaon,785676
Assam,Nalbari Kachari,787035
Assam,Naliapool,786001
Assam,Namgharia,787110
Assam,Namrup,786621
Assam,Namrup Thermal Power Station,786622
Assam,Naoboicha,787023
Assam,Naoholia,786191
Assam,Naragaon,787052
Assam,Nemupathar,786613
Assam,Nemutengani,787058
Assam,Neogaghuli,787055
Assam,Nigam,786621
Assam,Nilakh Chariali,787110
Assam,Nilmoni Te,786612
Assam,Nirmaligaon,786003
Assam,Niz Bhekulajan,786103
Assam,Norowathan,787058
Assam,North Lakhimpur Bazar,787031
Assam,North Lakhimpur,787001
Assam,Oakland,786101
Assam,Ouguri,786612
Assam,Ouguri Dangdhara,787055
Assam,Ouphulia Chariali,786613
Assam,Padmapur,784164
Assam,Padumoni Gaon No 1,785676
Assam,Pakharijania,786184
Assam,Palengi Pachali,787110
Assam,Pan Dhua Tiniali,786103
Assam,Panbari,784164
Assam,Panchali,786001
Assam,Panigaon,787052
Assam,Parbatpur,786623
Assam,Pathalibam,785675
Assam,Pathalipahar,784163
Assam,Pathalipam,787056
Assam,Patrichuk,787055
Assam,Perabari,787057
Assam,Phukanarkhat,786101
Assam,Pipalguri,787110
Assam,Pithaguti,786611
Assam,Pithguri,784163
Assam,Pohumara,787031
Assam,Pokadal,784161
Assam,Pukia,787110
Assam,Puli Naharani,784165
Assam,Pulunga,786184
Assam,Purana Parghat,787053
Assam,Purnananda Road,786003
Assam,Puthahula,786010
Assam,Raidongia,784164
Assam,Raiting,787057
Assam,Raja Ali,786602
Assam,Raja Bheta,786008
Assam,Rajabari,784161
Assam,Rajgarh Dibrugarh,786611
Assam,Ramdhan Dikhari,787060
Assam,Rampur Deurigaon,787031
Assam,Ramyapur,787110
Assam,Rang Changi,786184
Assam,Rangalipathar,786610
Assam,Rangati Charali,784165
Assam,Rangchali,785675
Assam,Ratanpur,786003
Assam,Ratanpur,786612
Assam,Ratanpur,787060
Assam,Romai Te,786010
Assam,Rongajan Borbil,787051
Assam,Rongpuria,787032
Assam,Ruptali Adarshagaon,784165
Assam,Sagarpur,787023
Assam,Salmari,786610
Assam,Salmari No 2,787026
Assam,Salmora Tiniali,787052
Assam,Samarajan Tiniali,787026
Assam,Sandowkhowa,787054
Assam,Santipara,786001
Assam,Sarbodaya,786010
Assam,Sasoni,786610
Assam,Sechowapukhuri,785675
Assam,Sessa,786003
Assam,Sessughat,785676
Assam,Seujiapathar,787058
Assam,Silabaligaon,787059
Assam,Silapathar,787059
Assam,Silgrant,786621
Assam,Silonibari,787031
Assam,Silputa,785676
Assam,Simaluguri,784165
Assam,Simen Chapori,787061
Assam,Singra,787023
Assam,Sissiborgaon,787110
Assam,Sissimukh,787058
Assam,Sisumari Barpathar,786612
Assam,Sologuri,786613
Assam,Somkong Pagar,787061
Assam,Sonapur,784160
Assam,Sonapur,787054
Assam,Sonardheki,787052
Assam,Subahi,787057
Assam,Subansiri Koibarta Adarsha Gao,787056
Assam,Sundia,787055
Assam,Talem,787061
Assam,Tarajan,785675
Assam,Tariani Berbhanga,787032
Assam,Tengakhat,786103
Assam,Thengal,785675
Assam,Tiloinagar,785675
Assam,Timonagaon,786010
Assam,Tingkhong Dighalia,786008
Assam,Tingkhong,786612
Assam,Tingrai Chariali,786602
Assam,Tiniali Tea Estate,786610
Assam,Tinthengia,785675
Assam,Tipam,786614
Assam,Tipling Bhadoi Gaon,786610
Assam,Ukhamati,787056
Assam,Ushapur,786614
Assam,Uttar Kulabali,787032
Assam,Zonekareng,787060
Assam,Zutlibari,786191
Assam,Ahatguri,782412
Assam,Aibheti,782002
Assam,Akorabori,782123
Assam,Alikuchi,782103
Assam,Alitangani,782124
Assam,Ambagan,782120
Assam,Ambari,782445
Assam,Amguri,782136
Assam,Amguri,782410
Assam,Amlakhi,782122
Assam,Amlakhi Bazar,782461
Assam,Amlighat,782410
Assam,Amolapatty,782003
Assam,Amoni,782138
Assam,Amonigaon,782481
Assam,Amrang,782448
Assam,Amsoi Bazar,782425
Assam,Amtola,782435
Assam,Amtreng,782450
Assam,Anjukpani,782139
Assam,Anneria,782446
Assam,Azarbari,782105
Assam,Azarbari Krishna Nagar,782442
Assam,Bagamukh,782120
Assam,Bagari,782136
Assam,Bagariguri,782103
Assam,Baghara,782105
Assam,Baghmari,782462
Assam,Baghpani,782441
Assam,Baithalangsho,782450
Assam,Bajbatamari,782425
Assam,Bajiagaon,782140
Assam,Bakalighat,782482
Assam,Baligaon,782144
Assam,Baligaon Tiniali,782481
Assam,Balikatia,782122
Assam,Balipathar,782470
Assam,Balisatra,782122
Assam,Bamunbori,782103
Assam,Bamuni,782102
Assam,Bamunijan,782425
Assam,Bangaldhara,782412
Assam,Bangalpara,782105
Assam,Baralimari,782121
Assam,Barangani,782127
Assam,Barangatoli,782141
Assam,Barangatoli Bazar,782445
Assam,Barapatia,782428
Assam,Barapujia,782103
Assam,Barbhagia,782138
Assam,Barbori,782127
Assam,Barchala,782103
Assam,Barchila,782142
Assam,Bargaon,782425
Assam,Barghat,782125
Assam,Barhampur,782102
Assam,Barhawar,782439
Assam,Baribandha,782127
Assam,Barjuri,782139
Assam,Barkuloi,782411
Assam,Barlongpher,782447
Assam,Barmanipur,782142
Assam,Barpak,782411
Assam,Barpani,782450
Assam,Barpanigaon,782141
Assam,Batadraba,782122
Assam,Batamari,782122
Assam,Bebejia,782142
Assam,Bechamari,782123
Assam,Beltola,782425
Assam,Bengenaati,782137
Assam,Bhalukmari,782442
Assam,Bharidhua,782120
Assam,Bheleoghat,782441
Assam,Bheleoguri,782140
Assam,Bhomoraguri,782143
Assam,Bhomoraguri,782103
Assam,Bhuragaon,782121
Assam,Bhurbandha,782104
Assam,Biharigaon,782101
Assam,Bihlangani,782002
Assam,Biorbheti Dhing,782123
Assam,Biswanathpathar,782441
Assam,Bobilgaon,782481
Assam,Bogijan,782490
Assam,Bokajan C F,782490
Assam,Bokajan,782480
Assam,Borbali,782481
Assam,Borbheti,782122
Assam,Borboha,782442
Assam,Borghuli,782143
Assam,Borghuli Sapmar,782120
Assam,Borkola,782144
Assam,Borthal,782485
Assam,Buraburi,782411
Assam,Burapahar,782136
Assam,Burgaon,782411
Assam,Burhachaparigao,782120
Assam,Chabukdhara,782103
Assam,Chakalaghat,782142
Assam,Chakihola,782480
Assam,Chakitop,782140
Assam,Chalapathar,782122
Assam,Chalchali,782141
Assam,Chamuagaon,782123
Assam,Changmaji,782440
Assam,Chapanalla,782135
Assam,Chaparmukh,782425
Assam,Charaibahi,782106
Assam,Charing,782439
Assam,Chatabar,782103
Assam,Cherakani,782441
Assam,Chetwaikhaitee,782127
Assam,Chillangani,782002
Assam,Chitalmari Beel,782124
Assam,Chottahaibor,782003
Assam,Choudhury Bazar,782439
Assam,Daboka,782440
Assam,Dagaon,782124
Assam,Dakarghat,782003
Assam,Dakhin Beloguri,782120
Assam,Dakhin Dighalipar,782481
Assam,Dakhin Sangchaki,782426
Assam,Daldali,782470
Assam,Damal,782105
Assam,Danghap,782441
Assam,Datialbori,782126
Assam,Dayang Beloguri,782410
Assam,Dayangmukh,782448
Assam,Debasthan Bazar,782481
Assam,Debnarikoli,782426
Assam,Deihari,782490
Assam,Deithor,782480
Assam,Dentaghat,782441
Assam,Deopani,782470
Assam,Deorigaon,782460
Assam,Deosal,782410
Assam,Derapathar,782446
Assam,Dewaguri,782127
Assam,Dewanbasti,782462
Assam,Dhaniabheti,782122
Assam,Dhansripar,782470
Assam,Dharamtul,782412
Assam,Dhing Bazar,782123
Assam,Dhing,782123
Assam,Dhupaguri,782123
Assam,Dighalbori,782105
Assam,Dighaldori,782103
Assam,Dighali,782125
Assam,Dighaliati,782103
Assam,Dighaljar,782439
Assam,Dilaji,782462
Assam,Dillai,782480
Assam,Dillai Parbat,782480
Assam,Dimaruguri,782003
Assam,Dimrupar,782435
Assam,Diphu Bazar,782462
Assam,Diphu Govt College,782462
Assam,Diphu,782460
Assam,Disama,782462
Assam,Disobai,782482
Assam,Dokmaka,782441
Assam,Doloichuba,782105
Assam,Doloigaon,782126
Assam,Dongarbori,782410
Assam,Donkamokam,782485
Assam,Duarbamuni,782441
Assam,Dumaihagi Dapara,782428
Assam,Dumkura Bazar,782127
Assam,Dungarpar,782121
Assam,Dwajungphang,782470
Assam,Eradighalpani,782481
Assam,Fakali Pathar,782124
Assam,Falihamari Pathar,782127
Assam,Forest Bazar,782448
Assam,Fulaguri,782103
Assam,Fultoli Bazar,782446
Assam,Gagalmari,782121
Assam,Gakhajua,782142
Assam,Gandhibori,782103
Assam,Garajan Bazar,782128
Assam,Garukhunda,782428
Assam,Garukhuti,782103
Assam,Gaspara,782425
Assam,Gatonga,782125
Assam,Gautambasti,782480
Assam,Gerjaipam,782426
Assam,Geruaati Bazar,782140
Assam,Geruagaon,782121
Assam,Ghagua,782105
Assam,Ghahibhatikuri,782460
Assam,Ghehua Chalchali,782128
Assam,Ghilani,782426
Assam,Golaghatiabasti,782435
Assam,Golaibasti,782480
Assam,Gopalnagar,782435
Assam,Goroimari,782104
Assam,Goroimaripathar,782126
Assam,Gosaibori,782142
Assam,Gosaigaon,782446
Assam,Habibarangabari,782103
Assam,Hahcharagaon,782126
Assam,Haiborgaon,782002
Assam,Haloakanda,782121
Assam,Halowagaon,782141
Assam,Hamren,782486
Assam,Hariamukh,782103
Assam,Harlongpher,782447
Assam,Hatbor,782136
Assam,Hatiamukh,782411
Assam,Hatichung,782142
Assam,Hatipara,782003
Assam,Hatipukhuri,782125
Assam,Hatizuzua,782122
Assam,Hatlaokhowa,782120
Assam,Hawaipur,782446
Assam,Herapatty,782002
Assam,Hidibonglong,782481
Assam,Hidipi,782480
Assam,Hindu Block,782440
Assam,Hoj R S,782435
Assam,Hojai Bazar,782435
Assam,Hojai,782435
Assam,Honkram,782450
Assam,Honlokrok,782485
Assam,Howraghat,782481
Assam,Huzrangagarah,782002
Assam,Itachali,782003
Assam,Jagi,782411
Assam,Jagibhakatgaon,782411
Assam,Jagiroad,782410
Assam,Jajori,782142
Assam,Jakhalabandha,782136
Assam,Jalakiabari,782127
Assam,Jaljuri,782485
Assam,Jaluguti,782104
Assam,Jamuguri,782142
Assam,Jamunamukh,782428
Assam,Japrajan,782470
Assam,Jengani,782122
Assam,Jengkha,782448
Assam,Jhargaon,782411
Assam,Jirikinding,782448
Assam,Jogijan Bazar,782429
Assam,Jongpha,782490
Assam,Joynagar Madrassa,782445
Assam,Jumurmur,782427
Assam,Jungl Block,782428
Assam,Jurapukhuri,782442
Assam,Juria,782124
Assam,Jurirpar,782426
Assam,Kachadhara Nakhanda,782104
Assam,Kachamari Boragaon,782002
Assam,Kachua,782426
Assam,Kachupukhuri,782482
Assam,Kadomoni,782122
Assam,Kagajnagar,782413
Assam,Kailajan,782480
Assam,Kajesara Matikhola,782441
Assam,Kakatigaon,782425
Assam,Kakhorigaon,782141
Assam,Kaki,782446
Assam,Kaki Chalchali,782442
Assam,Kalanga,782485
Assam,Kaliadinga,782128
Assam,Kalongpar Halowagaon,782141
Assam,Kampur,782426
Assam,Kanchanpur,782125
Assam,Kandali,782102
Assam,Kandhulimari,782123
Assam,Kapahera,782103
Assam,Kapashbari,782445
Assam,Karagaon,782480
Assam,Karatipam,782105
Assam,Karayani,782439
Assam,Kashari,782124
Assam,Katanigaon,782127
Assam,Kathalguri,782135
Assam,Kathiatoli,782427
Assam,Kathpara Bazar,782120
Assam,Kathterongaon,782136
Assam,Kawaimari,782140
Assam,Khaigarh,782103
Assam,Khanduli,782486
Assam,Khaplangkuchi,782103
Assam,Kharikhana,782446
Assam,Khatkhati,782480
Assam,Khengergaon,782447
Assam,Kheroni,782448
Assam,Kheronigaon,782461
Assam,Khulagaon,782411
Assam,Khutikatia,782002
Assam,Killing Valley,782410
Assam,Komoraguri,782105
Assam,Komorakata,782435
Assam,Koroiguri,782440
Assam,Kuligaon,782480
Assam,Kumargaon,782125
Assam,Kuranibori,782411
Assam,Kurhimari,782143
Assam,Kuthori,782136
Assam,Kuworitul,782137
Assam,Lachit Pathar,782446
Assam,Laharijan,782480
Assam,Lahorighat,782127
Assam,Lailuri,782120
Assam,Lalunggaon,782122
Assam,Lamsakhang,782446
Assam,Langbangdingpi,782482
Assam,Langcholiet,782447
Assam,Langhin Manikpur,782441
Assam,Langhin Tiniali,782441
Assam,Langlakso,782441
Assam,Lanka Nagaon,782446
Assam,Lankeswarigrant,782446
Assam,Laopani,782425
Assam,Laskarpathar,782446
Assam,Lengeribori,782121
Assam,Leteripar Bazar,782124
Assam,Lochanabori,782126
Assam,Longnit,782461
Assam,Lorenthepi,782482
Assam,Lumding Bazar,782447
Assam,Lumding,782447
Assam,Lurulangso,782462
Assam,Madhupur,782003
Assam,Magurmari,782140
Assam,Mahendijua,782461
Assam,Mailoo Bazar,782446
Assam,Mainapur Bazar,782446
Assam,Majarati,782002
Assam,Majgaon,782142
Assam,Majpathori,782003
Assam,Manaha Kacharigaon,782411
Assam,Manipur,782105
Assam,Manja,782461
Assam,Marangialgaon,782141
Assam,Mayang Kamarpur,782411
Assam,Menmeji,782435
Assam,Mikirbheta,782001
Assam,Missa,782138
Assam,Mithapukhuripar,782124
Assam,Modertoli,782440
Assam,Mohkhuli,782003
Assam,Moirabari,782126
Assam,Molankata,782103
Assam,Morakordoiguri,782480
Assam,Morigaon,782105
Assam,Mowamari,782140
Assam,Murazar Bazar,782439
Assam,Nagabandha,782103
Assam,Nagaon Girls College,782001
Assam,Nagaon,782001
Assam,Nagaon Padel,782003
Assam,Nailalung,782447
Assam,Nakhuti Bazar,782446
Assam,Nandapur Chariali,782435
Assam,Natuagaon,782105
Assam,Natun Bangalbori,782411
Assam,Nellie,782410
Assam,Neparpatty,782470
Assam,Nibukali,782102
Assam,Nilbagan,782445
Assam,Nizdandua,782104
Assam,Niz Dhing,782123
Assam,Niz Narikoli,782426
Assam,No 1 Gayangaon,782126
Assam,Nonoi,782101
Assam,Okrang,782481
Assam,Oper Uzaragaon,782101
Assam,Padumoni,782140
Assam,Padumpukhuri,782441
Assam,Padumpukhuri,782435
Assam,Paharguri,782450
Assam,Palakamati,782481
Assam,Palasani,782003
Assam,Panditghat,782481
Assam,Panjaborpathar,782450
Assam,Panjuri,782441
Assam,Parakhowa Bazar,782441
Assam,Parkup Pahar,782135
Assam,Pathori,782003
Assam,Patiachapari,782122
Assam,Patiapam,782426
Assam,Patidaya,782104
Assam,Patrabori,782104
Assam,Patsari,782410
Assam,Patuakata,782104
Assam,Phanglangso,782462
Assam,Phangtrengphang,782485
Assam,Phulani,782441
Assam,Pipal Pukhuri,782446
Assam,Potani Gomothagaon,782102
Assam,Pub Amarakanda,782125
Assam,Pub Baralimari,782124
Assam,Pub Futaljar,782128
Assam,Pub Lumding Bazar,782447
Assam,Pub Silputa,782482
Assam,Pubguimari,782425
Assam,Pubsalpara,782125
Assam,Pubthoria,782137
Assam,Pukarkata,782121
Assam,Purana Kaki,782442
Assam,Puranigudam,782141
Assam,Puthikhaiti,782125
Assam,Puthimari Bazar,782426
Assam,Radhanagar,782429
Assam,Raha,782103
Assam,Rahagaon,782103
Assam,Raja Mayang,782411
Assam,Rajapathar,782481
Assam,Ramjanati,782103
Assam,Rangagarah,782140
Assam,Rangapahar Siding,782470
Assam,Rantholi,782101
Assam,Rengbeng,782427
Assam,Rengkimi Village,782462
Assam,Rongkhelon,782462
Assam,Rongkut,782481
Assam,Rongplimplam,782461
Assam,Rowmari,782125
Assam,Rowmari Bill,782123
Assam,Rupahi,782125
Assam,Sagunbahipathar,782126
Assam,Sahariagaon,782126
Assam,Saidoria,782125
Assam,Salana,782139
Assam,Salkati Pathar,782126
Assam,Salmora,782425
Assam,Samaguri Bazar,782482
Assam,Samaguri,782140
Assam,Samarail,782439
Assam,Sambari Dagaon,782446
Assam,Samelangso,782441
Assam,Sandahkhaiti,782121
Assam,Sangsiga Bazar,782448
Assam,Sankardev Nagar,782442
Assam,Sankarpur,782446
Assam,Sapmarigaon,782104
Assam,Saragaon,782103
Assam,Sarihajan,782480
Assam,Sarishabari,782139
Assam,Sarubori,782105
Assam,Satgaon,782485
Assam,Satiantoli,782127
Assam,Satlanga,782426
Assam,Seconee Borhola,782136
Assam,Senchowa,782002
Assam,Shyampathar,782482
Assam,Sibasthan,782140
Assam,Sibpur,782429
Assam,Silchung,782412
Assam,Sildharampur,782441
Assam,Silghat,782143
Assam,Siliguri,782435
Assam,Silpukhuri,782123
Assam,Silputa Tiniali,782482
Assam,Simaluguri,782426
Assam,Singari Madrassa,782124
Assam,Singaribasti,782435
Assam,Singia,782140
Assam,Singimari,782125
Assam,Solmari,782002
Assam,Solmari Mikirgaon,782104
Assam,Sologuri,782123
Assam,Sonarigaon,782143
Assam,Sonarigaon,782123
Assam,Sondoba,782121
Assam,Sukdal Sarubori,782104
Assam,Sutirpar,782124
Assam,Tarabari,782125
Assam,Tarabasa,782482
Assam,Tarabori Kalsila Satra,782104
Assam,Taradubi,782485
Assam,Taralangso No 1,782447
Assam,Teliabebejia,782124
Assam,Teliachapari,782125
Assam,Teliagaon,782141
Assam,Telibasti,782435
Assam,Tengaguri,782127
Assam,Tengelijan,782470
Assam,Tengralangso,782450
Assam,Teralangso,782446
Assam,Teteliguri,782482
Assam,Tetelisara,782426
Assam,Thaisupar,782446
Assam,Tikahill,782450
Assam,Tiniali Bazar,782446
Assam,Tinsukia Juria,782124
Assam,Tokonabori,782104
Assam,Toptola,782121
Assam,Tuktuki,782123
Assam,Tulashimukh,782101
Assam,Tumpreng,782485
Assam,Udalani Bazar,782446
Assam,Udali No 1,782482
Assam,Udari,782105
Assam,Udmari,782140
Assam,Ulukunchi,782410
Assam,Umcherra,782486
Assam,Umpanai,782410
Assam,Umswar,782410
Assam,Uriagaon,782003
Assam,Uttar Borbil,782481
Assam,Uttar Garanjan,782128
Assam,Uttar Khatowal,782128
Assam,Uttar Petboha,782460
Assam,Vitorkaliani,782490
Assam,Watijor,782446
Assam,Wirwar,782441
Assam,Adharsatra,785702
Assam,Afala,785663
Assam,Ahatguri,785614
Assam,Aideopukhuri,785690
Assam,Ailamukh,785664
Assam,Akhoi Phutia,785697
Assam,Alengmora,785108
Assam,Alengmuria,785622
Assam,Amguri Haloating,785681
Assam,Amguri,785680
Assam,Amgurinabhanga,785614
Assam,Amkotia,785697
Assam,Amtoll Chintamoni,785682
Assam,Arjun Guri,785697
Assam,Assam Agriculture University,785013
Assam,Athabari,785625
Assam,Athkhel,785696
Assam,Auniati Satra,785106
Assam,Badulipaar,785611
Assam,Baghjan Grant,785681
Assam,Baghmora,785101
Assam,Baghshumout,785697
Assam,Bahana,785101
Assam,Bahana Tiniali,785101
Assam,Bahguri,785614
Assam,Bahoni,785633
Assam,Bahphola,785108
Assam,Bailunggaon,785107
Assam,Bajalani Kohar,785009
Assam,Bakhor Bengena,785674
Assam,Baliaghat,785667
Assam,Balichapori,785104
Assam,Balijan Aamtenga,785612
Assam,Balijan Te,785635
Assam,Bam Rajabari,785671
Assam,Bamborahi,785702
Assam,Bamunpukhuri,785685
Assam,Bamunpukhuri,785683
Assam,Bandor Chaliha,785633
Assam,Banmukh,785663
Assam,Barbaruakhat,785692
Assam,Barbheta,785004
Assam,Barchapori Khakanguri,785108
Assam,Bargayan,785104
Assam,Barhoiting,785697
Assam,Barpathar,785602
Assam,Barpatharua,785702
Assam,Barpatra Te,785693
Assam,Bartingnaochalia,785626
Assam,Barua Ali,785684
Assam,Barua Chali,785693
Assam,Barua Gaon,785603
Assam,Baruabamungaon,785618
Assam,Baruagaon,785692
Assam,Baruajan,785630
Assam,Baruanagar,785692
Assam,Baruatigaon,785661
Assam,Batiporia,785618
Assam,Bauli Maidam,785685
Assam,Baulipukhuri Sensua,785684
Assam,Behora,785615
Assam,Bejorchiga,785112
Assam,Bekadolong,785690
Assam,Bengenabari,785690
Assam,Bengenakhowa,785702
Assam,Bengenati Satra,785106
Assam,Betbari,785640
Assam,Betena,785663
Assam,Betioni,785622
Assam,Bhadhara,785701
Assam,Bhakatiduar,785110
Assam,Bhalukaguri,785691
Assam,Bharali Pukhuri,785691
Assam,Bharalua Tiniali SVS,785664
Assam,Bhatiapar,785667
Assam,Bhitarual,785682
Assam,Bhogamukh,785682
Assam,Bhogbari Kanugaon,785692
Assam,Bhogdaimukh,785001
Assam,Bhojo,785691
Assam,Bholaguri,785611
Assam,Bhuramora,785104
Assam,Bhuyanhat,785680
Assam,Bihubar,785687
Assam,Bihubar Te,785685
Assam,Bilgaon,785602
Assam,Birina Shayak,785632
Assam,Bishrampur,785670
Assam,Bogargaon,785632
Assam,Bogidole,785697
Assam,Bokakhat Rajabari,785612
Assam,Bokakhat,785612
Assam,Bokalaigaon,785625
Assam,Bokial,785613
Assam,Bokota Chand Bessa,785674
Assam,Boloma,785112
Assam,Bonai,785683
Assam,Bongalgaon,785614
Assam,Bongalpukhuri,785014
Assam,Bongaon,785611
Assam,Bonkowal,785619
Assam,Bonomali,785689
Assam,Borahibari,785680
Assam,Borahigaon,785691
Assam,Borbam Te,785680
Assam,Borhaam Kathani,785006
Assam,Borhat,785693
Assam,Borholla,785631
Assam,Borjan,785625
Assam,Borjan,785610
Assam,Borjuri,785612
Assam,Borkhelia Goon,785101
Assam,Bormathauri,785112
Assam,Bormukoli,785703
Assam,Borpomua Lakhimi,785105
Assam,Bortol,785685
Assam,Botiamari,785106
Assam,Chakalia,785673
Assam,Chakimukh,785685
Assam,Chalangpathar,785705
Assam,Chalapather,785688
Assam,Chalihagaon,785004
Assam,Chamaguri Kamalabari,785110
Assam,Chamahiati,785105
Assam,Chamua Khanikar,785661
Assam,Changmai,785693
Assam,Charagua,785672
Assam,Charaibahi,785616
Assam,Charaimuria,785666
Assam,Charighoria,785108
Assam,Charing,785661
Assam,Charingia Pukhuri,785680
Assam,Charingia,785006
Assam,Charubhanga Dihingia,785674
Assam,Chataichiga Kakotigaon,785680
Assam,Chaulkara,785667
Assam,Chengeli Gaon,785010
Assam,Chenijaan,785010
Assam,Chenimora,785663
Assam,Chepangpani,785685
Assam,Cherekapar,785701
Assam,Chetia Gaon,785684
Assam,Chinatoli,785622
Assam,Chintamoni,785682
Assam,Chirakhunda Chariali,785666
Assam,Chitardarchuk,785104
Assam,Chotianaguri,785692
Assam,Chowdangpathar,785705
Assam,Chowtang,785101
Assam,Chukial,785632
Assam,Chukiapather,785601
Assam,Chumaimari Missing Gaon,785102
Assam,Chungajan,785601
Assam,Chungi,785616
Assam,Chungi Lahing,785635
Assam,Cinakon Chariali,785615
Assam,Cinnamara,785008
Assam,Dabidubi,785611
Assam,Dagaon,785682
Assam,Dahdhara,785614
Assam,Dahotia,785001
Assam,Dakhin Pat Satra,785102
Assam,Dani Chapori,785614
Assam,Dapathar,785602
Assam,Dariagaon,785107
Assam,Daya Chariali,785701
Assam,Deepling,785691
Assam,Dehajan,785662
Assam,Dekhowmukh,785664
Assam,Demow,785662
Assam,Demowmukh,785663
Assam,Deogharia,785630
Assam,Deogharia,785696
Assam,Deopani Habigaon,785693
Assam,Deoraja Maidum,785680
Assam,Deorihabi Chakalia,785669
Assam,Dergaon Chariali,785614
Assam,Dergaon,785614
Assam,Deroi Habi Chak,785680
Assam,Desanghat,785672
Assam,Desnagpani,785689
Assam,Desoinagar,785015
Assam,Dewangaon,785107
Assam,Dhai Ali,785697
Assam,Dhalajan,785616
Assam,Dhalarsatra,785001
Assam,Dhansiri Muich,785612
Assam,Dhekiakhowa,785700
Assam,Dhekial,785622
Assam,Dhekorgorah,785015
Assam,Dhitaipukhuri,785685
Assam,Dhodang,785615
Assam,Dhodang Gaon,785618
Assam,Dholaguri,785613
Assam,Dholebagan,785686
Assam,Dhopbar,785687
Assam,Dhuniapathar,785692
Assam,Dhupguri,785601
Assam,Diffolu T E,785612
Assam,Dihing Mukh,785671
Assam,Dihing Than,785671
Assam,Dihingia,785630
Assam,Dihingia Gaon,785671
Assam,Dikhow Botua,785670
Assam,Dikshu,785684
Assam,Dillighat,785693
Assam,Disangmukh,785663
Assam,Disrigaya Satra,785602
Assam,Dofalada,785612
Assam,Doigrung,785702
Assam,Doklongia,785634
Assam,Dolamara,785612
Assam,Domurdullung,785673
Assam,Dopdhar,785681
Assam,Doria T E,785622
Assam,Dubba,785673
Assam,Dubialgaon,785618
Assam,Dulakhoria,785112
Assam,Duliagaon,785697
Assam,Dusutimukh,785611
Assam,Fakalapather,785111
Assam,Falangani,785702
Assam,Fechual,785635
Assam,Fetagaon,785703
Assam,Fulbari,785630
Assam,Furkating,785610
Assam,Gabharu Konwargaon,785636
Assam,Ganakpukhuri,785622
Assam,Garali,785001
Assam,Gargaon,785685
Assam,Garmursatra,785104
Assam,Garumora,785703
Assam,Gatanga,785616
Assam,Gaurisagar,785664
Assam,Gayengaon,785110
Assam,Geleky,785696
Assam,Gezera,785110
Assam,Ghaorajaan,785692
Assam,Ghiladhari,785603
Assam,Goalgaon,785104
Assam,Goalgaon Baliati,785703
Assam,Gohainbari,785635
Assam,Gohaingaon,785601
Assam,Gohaingaon,785697
Assam,Gojpuria,785008
Assam,Golaghat,785621
Assam,Gomariguri,785705
Assam,Gorajan,785631
Assam,Gorbhanga,785671
Assam,Goriajan,785611
Assam,Goriatika Barpathar,785619
Assam,Gormur Miri Gaon,785687
Assam,Gorokhiadol,785015
Assam,Habichukia,785603
Assam,Hafaluting,785661
Assam,Hahchara,785701
Assam,Halmira Te,785702
Assam,Halouating Grant,785681
Assam,Halowapathar,785636
Assam,Hatigarh,785007
Assam,Hatigarh Balichapori,785101
Assam,Hatighuli,785664
Assam,Hatikhowa,785626
Assam,Hatikhuli,785609
Assam,Hatipoti Grant,785696
Assam,Hazarikagaon,785104
Assam,Hemlai,785636
Assam,Hologuri,785673
Assam,Howtoly,785702
Assam,Hudupara,785685
Assam,Hukurakhat,785626
Assam,Hulalbari,785700
Assam,Ikarani,785631
Assam,Itakhuli,785007
Assam,Jakharia,785112
Assam,Jalukgaon,785680
Assam,Jalukonibari,785630
Assam,Jamuguri,785603
Assam,Japichijia,785636
Assam,Jatakia,785666
Assam,Jelengi Top,785682
Assam,Jengraichapori,785105
Assam,Jengraikumarbari,785105
Assam,Jengraimukh,785105
Assam,Jhanji Hah Chara,785683
Assam,Jhanji Jamuguri,785683
Assam,Jhanji,785683
Assam,Jhanjimukh,785112
Assam,Jogduar,785112
Assam,Jogduar Sonari,785112
Assam,Joirapar,785697
Assam,Jokaibowa,785104
Assam,Jorabari,785683
Assam,Joraguri,785614
Assam,Jorhat Engg College,785007
Assam,Jorhat,785001
Assam,Jorhat Reserch Lab,785006
Assam,Joysagar,785665
Assam,Kachagoral,785010
Assam,Kachamari,785705
Assam,Kachamari,785616
Assam,Kacharihat,785702
Assam,Kachukhat,785633
Assam,Kachumari,785670
Assam,Kachupathar,785619
Assam,Kakachang,785612
Assam,Kakajan Duliagaon,785107
Assam,Kakajan,785107
Assam,Kakilamukh,785108
Assam,Kakodonga Bekajan,785631
Assam,Kakotibari,785691
Assam,Kalakhowa,785010
Assam,Kaliagaon,785614
Assam,Kalioni,785664
Assam,Kaloogaon,785666
Assam,Kamalabari,785106
Assam,Kamarbandha Ali,785625
Assam,Kamargaon Golaghat,785619
Assam,Kamargaonchariali,785614
Assam,Kamarkhatowal,785107
Assam,Kanaighat,785699
Assam,Karatipar,785104
Assam,Karchowa,785684
Assam,Karigaon,785667
Assam,Karki Chuk Missing Gaon,785105
Assam,Karuabahi Satra,785615
Assam,Kathalguri,785622
Assam,Kawaimari Gohaingaon,785683
Assam,Kaziranga,785609
Assam,Kaziranga National Park,785609
Assam,Kenduguri,785697
Assam,Khaloighogra,785688
Assam,Khangia,785614
Assam,Khatisona,785635
Assam,Khelua,785701
Assam,Khemdeo Pukhuri,785666
Assam,Khemon,785697
Assam,Khona Khokra,785664
Assam,Khonamukh,785682
Assam,Khorahat,785662
Assam,Khorikotia,785633
Assam,Khotia Toli,785612
Assam,Khumtai,785619
Assam,Koibatra Dolonigaon,785672
Assam,Koliani,785108
Assam,Koliapani,785112
Assam,Komalpur,785104
Assam,Komorajan,785664
Assam,Konwar Dihingia,785662
Assam,Konwaripukhuri,785001
Assam,Konwarpur,785667
Assam,Kopradhara,785700
Assam,Kordoiguri,785602
Assam,Korokani,785691
Assam,Korokatoly,785015
Assam,Koronga,785008
Assam,Kukurachowa,785636
Assam,Kulamua Missing,785104
Assam,Kuruabahi Tiniali,785615
Assam,Lahdoigarh Chariali,785700
Assam,Lahinggaon,785635
Assam,Lahowal,785682
Assam,Lakhibari,785635
Assam,Lakhibari Tiniali,785603
Assam,Lakhimi Jan,785685
Assam,Lakhowjaan Tiniali,785612
Assam,Lakowah,785688
Assam,Lakwah R S,785698
Assam,Lalimchiga,785680
Assam,Lefera,785693
Assam,Letekujaan,785613
Assam,Lichubari,785008
Assam,Ligiripukhuri,785685
Assam,Longpotia,785692
Assam,Macharhat,785001
Assam,Mackeypure,785685
Assam,Madhapur,785630
Assam,Madhavnagar,785681
Assam,Madhupur,785104
Assam,Madhya Ahatguri,785614
Assam,Maduri,785685
Assam,Maheema,785626
Assam,Mahmora Balijan,785691
Assam,Maibella,785689
Assam,Majbari,785680
Assam,Majkuri,785112
Assam,Majnoi,785636
Assam,Majorchapori,785104
Assam,Majordeori,785105
Assam,Majulibongaon,785110
Assam,Malowpathar,785108
Assam,Marangi,785702
Assam,Marangi Chariali,785702
Assam,Mariani,785634
Assam,Melamati,785632
Assam,Melamora,785702
Assam,Meleng,785634
Assam,Meleng Te,785700
Assam,Melenggrant,785635
Assam,Merapani,785705
Assam,Messagarh,785697
Assam,Meteka,785697
Assam,Mezenga,785685
Assam,Miligaon Tiniali,785110
Assam,Mirigaon,785631
Assam,Mirigaon,785602
Assam,Miripather,785691
Assam,Missajan,785684
Assam,Missamora,785618
Assam,Missamora Missing Gaon,785104
Assam,Missionpatty,785702
Assam,Mithapukhuri,785697
Assam,Mogorahat,785666
Assam,Mogroigaon,785635
Assam,Mohimabari,785631
Assam,Mohkhuti,785669
Assam,Mohoramukh,785619
Assam,Mohpara,785609
Assam,Mokrong,785631
Assam,Moluahabi,785622
Assam,Mon Mohan Gaon,785689
Assam,Morabazar,785680
Assam,Moran,785669
Assam,Moranchiga,785683
Assam,Morangaon,785630
Assam,Moranhat,785670
Assam,Moranjan,785673
Assam,Mori Jhanji,785682
Assam,Morituni,785106
Assam,Morongial,785635
Assam,Mothurapur,785689
Assam,Moudumuni,785673
Assam,Moukhowa,785702
Assam,Moutga R S,785686
Assam,Moutgaon,785101
Assam,Mudoibil,785105
Assam,Mudoigaon,785614
Assam,Mudoijan Tiniali,785112
Assam,Muktinagar,785631
Assam,Murmuria,785704
Assam,Murmuria Missing Gaon,785105
Assam,Murphulani,785702
Assam,Na Ali Dhekiajuli,785009
Assam,Na Pam Baruati,785684
Assam,Nabheta,785622
Assam,Nagadhuli,785633
Assam,Nagahat,785692
Assam,Nagajanka,785634
Assam,Nagaon,785687
Assam,Naginijan,785635
Assam,Nagura Grant,785603
Assam,Naharani,785618
Assam,Naharjaan,785612
Assam,Nahat,785662
Assam,Nahatia,785108
Assam,Nahphani,785614
Assam,Nakachari,785635
Assam,Nakatani,785667
Assam,Nakhana,785664
Assam,Nakkati,785611
Assam,Naladhibari,785618
Assam,Namchungi,785616
Assam,Namdeori,785108
Assam,Namkhatoal,785626
Assam,Namrupia,785634
Assam,Namsisu,785636
Assam,Namti,785685
Assam,Namti Bamungaon,785684
Assam,Namti Chariali,785684
Assam,Namtial Gaon,785666
Assam,Namtial Pathar,785684
Assam,Namtial Pathar,785697
Assam,Namtidoll,785684
Assam,Namtola,785690
Assam,Naojan,785601
Assam,Napam Bekajan,785682
Assam,Napam Deopani,785684
Assam,Napamuakamargaon,785625
Assam,Naphuk,785689
Assam,Nazira Dulakakharia,785696
Assam,Nazira,785685
Assam,Neamatighat,785111
Assam,Negheriting,785703
Assam,Nemuguri,785674
Assam,New Bessamora,785110
Assam,Nimaigarh Habi,785687
Assam,Nimonagarh,785689
Assam,Nitaipukhuri,785671
Assam,Nogagaon,785701
Assam,Nongalmora Tiniali,785674
Assam,Numaligarh Refinery Project,785699
Assam,Numaligarh,785615
Assam,Oating,785603
Assam,Ongc Colony,785697
Assam,Ongc Jorhat,785704
Assam,Ouguri Missing,785112
Assam,Ouguri Shyam,785692
Assam,Paanjaan Borholla,785631
Assam,Padumani,785702
Assam,Palengi,785672
Assam,Panbecha,785663
Assam,Panibill,785685
Assam,Panichokua,785006
Assam,Panjan Sarupathr,785601
Assam,Parbatia,785006
Assam,Paruliguri,785671
Assam,Pathalial,785683
Assam,Patsaku,785673
Assam,Photikachowa,785670
Assam,Phukannagar,785640
Assam,Phulanibari,785104
Assam,Phulpanichiga,785683
Assam,Phutuki Chapori,785104
Assam,Pioli Pukhuri,785685
Assam,Pirakota,785107
Assam,Pohuchungi Pather,785691
Assam,Pokamura,785004
Assam,Potiagaon,785106
Assam,Potiagaon,785101
Assam,Premhara,785602
Assam,Ptc Dergaon,785703
Assam,Pub Khumtai,785622
Assam,Pub Charigaon,785010
Assam,Pulibar Bidyapith,785702
Assam,Pulibor,785006
Assam,Pulikaitoni,785631
Assam,Purana Titabor,785632
Assam,Purani Gohaingaon,785111
Assam,Rahan,785692
Assam,Rahdhala,785622
Assam,Raidangjuri,785631
Assam,Rajabahar,785631
Assam,Rajabari,785631
Assam,Rajabari,785014
Assam,Rajapool,785685
Assam,Rajapukhuri,785601
Assam,Rajmai,785672
Assam,Rajmao,785685
Assam,Rajoi,785107
Assam,Ramaniali,785686
Assam,Ramugaon,785686
Assam,Rangachahi Nikinikhowa,785104
Assam,Rangamati,785614
Assam,Rangoli,785670
Assam,Ratanpur,785110
Assam,Ratanpur Mirigaon,785105
Assam,Ratanpur Sishupani,785705
Assam,Ratomora,785670
Assam,Robigaon,785683
Assam,Rong Ghar Chariali,785665
Assam,Ronga Bam Habi,785691
Assam,Rongachahi,785104
Assam,Rongajan,785630
Assam,Rongdoi Chariali,785101
Assam,Rongorahat,785611
Assam,Rongpurnagar,785640
Assam,Rowmara,785614
Assam,Rudrasagar,785665
Assam,Rupahi Mukh,785664
Assam,Salikihaat,785625
Assam,Salmora,785110
Assam,Samguri,785680
Assam,Samukajan,785671
Assam,Santak,785687
Assam,Santipur,785667
Assam,Sapekhati,785705
Assam,Sapekhati,785692
Assam,Saru Mothuria,785688
Assam,Sarupathar,785601
Assam,Satriagaon,785616
Assam,Seleng Lawjan,785636
Assam,Selenghat,785636
Assam,Sepon,785673
Assam,Silakuti,785698
Assam,Silasaku,785686
Assam,Siljuri,785612
Assam,Siloni Nagar,785693
Assam,Silonijan,785602
Assam,Silpukhuri,785664
Assam,Simaluguri,785686
Assam,Singhaduar,785701
Assam,Singyhbill,785696
Assam,Sitalpather,785703
Assam,Sivasagar,785640
Assam,Sockolatinga,785703
Assam,Sodial Kochari Gaon,785630
Assam,Sologuri,785666
Assam,Sologuri Kachari,785703
Assam,Sonari Sibsagar,785690
Assam,Sonowal Kachari,785110
Assam,Sotai,785010
Assam,Sri Ram Bonomali,785105
Assam,Suffry,785689
Assam,Sukan Pukhuri,785697
Assam,Sundarpur,785107
Assam,Sycotta,785633
Assam,Taburam Lahon,785104
Assam,Takaruchuk,785108
Assam,Tamulibari,785616
Assam,Tamulichiga,785682
Assam,Tarajan,785001
Assam,Tekelabari,785616
Assam,Telishal,785705
Assam,Tengabari,785601
Assam,Tengaponia,785671
Assam,Tengapukhuri,785686
Assam,Teok Gaon,785691
Assam,Teok Rajabari,785112
Assam,Teok,785112
Assam,Teokghat,785690
Assam,Teteliguri,785683
Assam,Tilikiaam,785006
Assam,Timon,785691
Assam,Tiphuk,785684
Assam,Tipomia,785630
Assam,Titabor Mohimabari,785630
Assam,Titabor,785630
Assam,Titabor Tiniali,785630
Assam,Titlagarh Chariali,785693
Assam,Totoya,785106
Assam,Towkok,785640
Assam,Udaypur,785662
Assam,Ujani Rajabari,785635
Assam,Ujanikuri,785692
Assam,Ujanitarani,785631
Assam,Ultajaan,785702
Assam,Upper Lengtha,785602
Assam,Upper Nazira,785685
Assam,Uriamghat,785601
Assam,Urongial,785631
Assam,Uttar Dulia,785112
Assam,3 No Borbil,786171
Assam,Adarshgaon,786174
Assam,Agbandha Bengali Gaon,786187
Assam,Alubari,786181
Assam,Amarpur,786157
Assam,Amguri,786160
Assam,Aroimuria,786154
Assam,Arunodaya,786160
Assam,Ashok Nagar,786170
Assam,Baghbari Gaon,786189
Assam,Balijan,786171
Assam,Balijan T E,786601
Assam,Barchapri,786183
Assam,Barhapjan,786150
Assam,Barhullung,786160
Assam,Barmajan,786174
Assam,Baruahola,786183
Assam,Bhardhara,786183
Assam,Bhimpathar,786171
Assam,Bisagaon,786182
Assam,Bisfootia,786601
Assam,Bishnupur,786188
Assam,Bogapani,786171
Assam,Bogdung,786183
Assam,Borali,786152
Assam,Bordirak,786152
Assam,Bordoloinagar,786156
Assam,Bordubi Te,786151
Assam,Borgaon,786170
Assam,Borgolai,786181
Assam,Borguri,786126
Assam,Bormuchai,786152
Assam,Buraburi Than,786157
Assam,Chalihanagar,786146
Assam,Challet,786179
Assam,Chapakhowa,786157
Assam,Chellenguri,786152
Assam,Chikarajan,786160
Assam,Dangrigaon,786156
Assam,Dhekiajan,786171
Assam,Dibong,786181
Assam,Digboi Charali,786171
Assam,Digboi,786171
Assam,Dighal Tarrang,786151
Assam,Dihingia Gaon,786192
Assam,Dinjan,786189
Assam,Dirak Maithong,786152
Assam,Dohotiagaon,786151
Assam,Doom Dooma,786151
Assam,Durgabari,786125
Assam,Gahoripam,786183
Assam,Gakhirbheti,786156
Assam,Gellapukhuri,786126
Assam,Gobarbheti,786160
Assam,Golai,786171
Assam,Hahkhati,786154
Assam,Hamuk Jan,786182
Assam,Hansara,786190
Assam,Hatighuli,786154
Assam,Hijiguri,786192
Assam,Hollong Gutibari,786160
Assam,Hoogrijan,786601
Assam,Inthemgaon,786174
Assam,Islampur,786157
Assam,Jagun,786188
Assam,Jubilee Digboi,786173
Assam,Kachari Maithong,786152
Assam,Kadamoni,786145
Assam,Kailash Pur,786152
Assam,Kakapathar,786152
Assam,Kakojan,786151
Assam,Kanjikhowa,786183
Assam,Kashijan,786152
Assam,Kathalguri,786174
Assam,Ketetong,786181
Assam,Khamti Gowali,786147
Assam,Khetopathargaon,786145
Assam,Koomsang,786151
Assam,Kordoiguri,786156
Assam,Kukurekhowa,786183
Assam,Kukuremara,786158
Assam,Kumchai,786182
Assam,Kundil,786158
Assam,Laika,786147
Assam,Lainagaon,786156
Assam,Laipuli,786183
Assam,Lakhipather,786171
Assam,Laklapathar,786188
Assam,Lamagaon,786181
Assam,Laupati,786156
Assam,Ledo,786182
Assam,Ledo Tikok,786182
Assam,Lekhapani,786182
Assam,Limbuguri,786147
Assam,Lohari,786146
Assam,Long Gaon,786182
Assam,Makum Junction,786170
Assam,Makum Pathar,786187
Assam,Makumkilla,786187
Assam,Mamorani,786170
Assam,Mankhooli,786601
Assam,Margherita New Colony,786181
Assam,Margherita,786181
Assam,Megela,786154
Assam,Muliabari,786171
Assam,Mullang,786182
Assam,Mulukgaon,786189
Assam,Natun Balijan,786158
Assam,Navajyoti,786152
Assam,Nazirating,786171
Assam,Netaji Road,786151
Assam,Pakharijan,786146
Assam,Panitola,786183
Assam,Parbotia,786125
Assam,Pengri,786174
Assam,Phillobari,786160
Assam,Powai,786171
Assam,Prakash Bazar,786125
Assam,Purani Pukhuri,786174
Assam,Rampur,786188
Assam,Rangagora,786147
Assam,Rupaisiding,786153
Assam,Rupbon,786151
Assam,Sadiya,786155
Assam,Saikhowaghat,786154
Assam,Samdang,786190
Assam,Santipur,786150
Assam,Santipur Bazar,786157
Assam,Sarudhadum,786156
Assam,Senairam Bazar,786125
Assam,Sripuria Bengali Gaon,786145
Assam,Sripuria,786145
Assam,Sukhanpukhuri,786146
Assam,Sukriting,786159
Assam,Talap Tinsukia,786156
Assam,Talpathar,786152
Assam,Tinali Nowgong,786152
Assam,Tingrai,786171
Assam,Tinsukia,786125
Assam,Tipong,786179
Assam,Tirap,786182
Assam,Tonganabazar,786152
Assam,Tonganagaon,786152
Assam,Udai Pur,786182
Assam,Ulup Gaon,786181
Assam,Adarkona,788701
Assam,Alamkhani,788722
Assam,Alexanderpur,788161
Assam,Algapur,788101
Assam,Algapur PT II,788150
Assam,Algapur PT V,788150
Assam,Amala,788164
Assam,Amaranagar T E,788030
Assam,Ambarkhana,788712
Assam,Ambicapur,788004
Assam,Amjurghat,788119
Assam,Anglarbazar,788806
Assam,Anilgarh,788156
Assam,Anipur,788734
Assam,Appin,788161
Assam,Arkutipur,788009
Assam,Arunachal,788025
Assam,Asalkandi,788723
Assam,Assam Quary,788931
Assam,Assam University,788011
Assam,Atharotilla,788115
Assam,Aylabari,788712
Assam,Aynakhal Bazar,788164
Assam,Badarpur Bazar,788006
Assam,Badarpur Bazar,788806
Assam,Badarpur Karimganj,788806
Assam,Badarpurghat,788803
Assam,Badripar,788009
Assam,Bag O Bahar,788113
Assam,Bagbari,788720
Assam,Bagetar,788820
Assam,Baglaghat,788026
Assam,Bagpur,788101
Assam,Baithakhal Basti,788726
Assam,Bakrihawar PT III,788801
Assam,Balacherra T E,788110
Assam,Baladhan T E,788107
Assam,Baldabaldi,788162
Assam,Balipipla Bazar,788728
Assam,Baliura,788155
Assam,Banamali,788710
Assam,Bandarkhal,788818
Assam,Bansbari PT II,788152
Assam,Banskandi,788101
Assam,Banskhantilla,788736
Assam,Bar Hailakandi,788155
Assam,Baraigram,788723
Assam,Barakhai T E,788113
Assam,Bararkap,788107
Assam,Barband,788164
Assam,Barjalenga,788117
Assam,Barjatrapur,788110
Assam,Barkatpur,788713
Assam,Baro Mulkoi,788818
Assam,Baroitoli,788815
Assam,Baromuni,788121
Assam,Baropunji,788781
Assam,Barsangam,788117
Assam,Barthal,788113
Assam,Barthal T E,788102
Assam,Baruala,788734
Assam,Basantinagar,788725
Assam,Basudevnagar,788723
Assam,Batertal,788015
Assam,Bazarghat Karimganj,788733
Assam,Bazaricherra Bazar,788727
Assam,Behara Bazar,788817
Assam,Behara PT IV,788817
Assam,Bekirpar,788123
Assam,Berabak PT II,788115
Assam,Bhaga Bazar,788120
Assam,Bhairabnagar,788152
Assam,Bhairabpur,788815
Assam,Bhanga Bazaar,788701
Assam,Bhangarpar,788817
Assam,Bharakhai,788010
Assam,Bhatirkupa,788152
Assam,Bhuban Valley,788099
Assam,Bhubandhar T E,788114
Assam,Bhubaneswarnagar,788817
Assam,Bhurunga,788724
Assam,Bidyanagar,788734
Assam,Bidyaratanpur,788120
Assam,Bilburunga,788817
Assam,Binnakandi,788126
Assam,Binnakandi Ghat,788126
Assam,Bishnunagar,788781
Assam,Bishnunagar East,788152
Assam,Boali Basti,788099
Assam,Boalipar Bazar,788155
Assam,Boaljur,788115
Assam,Borkhola,788110
Assam,Borodukan,788113
Assam,Borolabang,788931
Assam,Bowarghat,788164
Assam,Brahmansashan,788722
Assam,Brojapur,788155
Assam,Brojendrapur,788156
Assam,Bubrighat,788724
Assam,Buribail,788025
Assam,Burnibrease T E,788801
Assam,C R Avenue,788005
Assam,Chaitanyanagar,788720
Assam,Chaligram,788815
Assam,Chamela Bazar,788166
Assam,Chamtilla,788736
Assam,Chandanpur West,788152
Assam,Chandighat T E,788030
Assam,Chandipur,788150
Assam,Chandkhira,788725
Assam,Chandpur,788110
Assam,Chandranathpur,788817
Assam,Chandrapur,788101
Assam,Chandrapur PT II,788163
Assam,Channighat,788120
Assam,Chantilla,788736
Assam,Char Bazar,788710
Assam,Chargola Bazar,788713
Assam,Chatal,788720
Assam,Chekarcham,788116
Assam,Chengjui Grant,788126
Assam,Cheragh,788737
Assam,Chhoto Dudpatil,788002
Assam,Chhoto Dudpatil PT I,788002
Assam,Chhotomanda,788126
Assam,Chibitabichia,788150
Assam,Chincuri T E,788007
Assam,Chiparsangam,788801
Assam,Chirukandi,788003
Assam,Chotojalenga,788113
Assam,Christiankempai,788819
Assam,Clever House,788112
Assam,Cossipur,788009
Assam,Dalgram PT II,788735
Assam,Dalu,788111
Assam,Daluagram,788101
Assam,Damcherra,788817
Assam,Damcherra Bagan,788736
Assam,Dargarband Bazar,788156
Assam,Darmikhal,788116
Assam,Dasgram,788722
Assam,Dautohaza,788830
Assam,Dayapur,788030
Assam,Dayapur T E,788030
Assam,Debipur,788114
Assam,Dehangi,788819
Assam,Derby,788112
Assam,Dewan,788102
Assam,Dewanji Bazar,788001
Assam,Dezabra,788832
Assam,Dhakin Mohonpur,788119
Assam,Dhalibeel PT II,788734
Assam,Dhanehari,788013
Assam,Dhanipur,788120
Assam,Dharakuna,788712
Assam,Dharirghat Grant,788165
Assam,Dholai Bazar,788114
Assam,Dholai Malai,788161
Assam,Dholai South,788161
Assam,Dholai T E,788165
Assam,Dibari,788819
Assam,Didarkush Basti,788099
Assam,Digarkhal Bazar,788815
Assam,Digor Srikona,788026
Assam,Dilkhush T E,788106
Assam,Dinanathpur,788817
Assam,Dinanathpur PT I,788161
Assam,Dintharveng,788819
Assam,Diska Grant,788107
Assam,Dittakcherra,788818
Assam,Diyumbra,788931
Assam,Dudpatil,788003
Assam,Dudpur,788025
Assam,Duhalia,788724
Assam,Dulalgram,788114
Assam,Dullabcherra Bazar,788736
Assam,Dullabcherra,788736
Assam,Dumkabazar,788815
Assam,Dumurghat,788031
Assam,Dungripar,788101
Assam,Durganagar,788722
Assam,Durganagar T E,788030
Assam,Duttagram,788722
Assam,Dwarband,788113
Assam,Electric Veng,788820
Assam,Eraligool,788723
Assam,Fakuagram,788723
Assam,Fenairbond,788737
Assam,Fengpui,788819
Assam,Fulbari,788802
Assam,Fulertal,788106
Assam,G C College,788004
Assam,Gamaria,788156
Assam,Ganganagar,788099
Assam,Gangapur,788804
Assam,Gangpar Dhumkar,788152
Assam,Ganirgram,788025
Assam,Ganirgram PT II,788025
Assam,Garampani,788931
Assam,Ghambhira Basti,788737
Assam,Gharmura Bazar,788162
Assam,Gharmura Bus Stand,788162
Assam,Ghungoor Kuarpar,788010
Assam,Girishganj Bazar,788711
Assam,Gojalghat,788114
Assam,Gossainagar,788030
Assam,Gossainpur PT I,788030
Assam,Govindaganj Bazar,788733
Assam,Govindanagar,788119
Assam,Govindanagar,788931
Assam,Govindapur East,788101
Assam,Govindapur West,788804
Assam,Gulcherra,788720
Assam,Gunjung,788819
Assam,Gurudayalpur,788114
Assam,Haflo R S,788820
Assam,Haflong Bazar,788819
Assam,Haflong Ptc,788820
Assam,Haflong,788819
Assam,Hailakandi Bazar,788152
Assam,Hailakandi College,788152
Assam,Hailakandi East,788152
Assam,Hailakandi,788151
Assam,Hajang,788831
Assam,Hange,788830
Assam,Hangrum,788830
Assam,Harengajao,788818
Assam,Harinagar,788805
Assam,Harinagar Bazar,788107
Assam,Harinetilla,788011
Assam,Harishnagar,788161
Assam,Hasanpur,788806
Assam,Haticherra Grant PT VII,788002
Assam,Haticherra T E,788030
Assam,Hatikhal Bazar,788116
Assam,Hatikhali,788832
Assam,Hatikhira,788726
Assam,Hawaithang,788120
Assam,Hayairbond,788127
Assam,Hazadisha,788831
Assam,Hazarigram Bazar,788101
Assam,Hilara Colony,788815
Assam,Hmarkhawlin,788106
Assam,Hospital Road Cachar,788005
Assam,Impui Hindu,788830
Assam,Irongmara Bazar,788011
Assam,Isabeel,788728
Assam,Itkhola,788002
Assam,Jadutilla,788720
Assam,Jaffirband,788160
Assam,Jagadishpur,788805
Assam,Jagannathi,788709
Assam,Jalalnagar,788712
Assam,Jalalpur Cachar,788816
Assam,Jamalpur,788120
Assam,Jamira Bazar,788162
Assam,Janakalyan Bazar,788720
Assam,Jankibazar,788801
Assam,Jarailtala Bazar,788127
Assam,Jatinga,788818
Assam,Jatinga Tenali,788819
Assam,Jhanjarbali,788119
Assam,Jhoragul,788119
Assam,Jibangram,788114
Assam,Jirighat,788104
Assam,Jobainpur,788713
Assam,Jogiabasti,788115
Assam,Joypur Rajabazar,788107
Assam,Joyput PT III,788107
Assam,Jurbari,788724
Assam,Kabuganj Bazar,788121
Assam,Kacharitol,788163
Assam,Kachudaram,788119
Assam,Kachudaram PT I,788119
Assam,Kadamtala,788166
Assam,Kajidahar,788115
Assam,Kakmara,788101
Assam,Kalachandpur,788098
Assam,Kalachup,788166
Assam,Kalain,788815
Assam,Kalaincherra,788815
Assam,Kalakhal,788116
Assam,Kalamagura,788737
Assam,Kalibari Bazar,788150
Assam,Kaliganj Bazar,788720
Assam,Kalima,788712
Assam,Kalinagar,788801
Assam,Kalinagar T E,788166
Assam,Kalkalighat,788725
Assam,Kamranga,788107
Assam,Kanaan,788819
Assam,Kanabasti,788819
Assam,Kanaibazar,788724
Assam,Kanakpur,788006
Assam,Kanakpur East,788107
Assam,Kanchanpur,788007
Assam,Kanchanpur PT II,788152
Assam,Kanishail,788711
Assam,Kaprey,788831
Assam,Kaptanpur,788119
Assam,Kaptanpur PT 18,788119
Assam,Karaikandi,788101
Assam,Karicherra Bazar,788165
Assam,Karimganj Bazar,788711
Assam,Karimganj Court,788710
Assam,Karimganj,788710
Assam,Karimganj Station Road,788710
Assam,Karkori,788815
Assam,Karnamadhu,788712
Assam,Katabari,788726
Assam,Katagaon,788160
Assam,Katagaon,788168
Assam,Kathaltoli Bazar,788725
Assam,Katigorah,788805
Assam,Katirail,788804
Assam,Katlacherra Bazar,788161
Assam,Katlacherra,788161
Assam,Kayah T E,788164
Assam,Kayasthagram,788719
Assam,Kharthang,788818
Assam,Khejurbond,788831
Assam,Khelma PT VII,788815
Assam,Khognam,788830
Assam,Kotamani Bazar,788728
Assam,Krishnapur,788025
Assam,Kuchila Bazar,788155
Assam,Kukicherra,788165
Assam,Kumacherra,788107
Assam,Kumbhir,788108
Assam,Kumbhirgram Airport,788109
Assam,Kurikala,788712
Assam,Labacpar PT III,788098
Assam,Laboc,788102
Assam,Lailapur,788120
Assam,Laisang Bagan,788830
Assam,Lakhibazar,788709
Assam,Lakhinagar T E,788164
Assam,Lakhipur Cachar,788103
Assam,Lakhirbond PT II,788155
Assam,Lakshmisahar,788152
Assam,Lala Deb Block,788164
Assam,Lala,788163
Assam,Lalamukh,788163
Assam,Lalarchak,788713
Assam,Lallong,788098
Assam,Lallong T E,788102
Assam,Lalpani,788165
Assam,Lamajuar,788701
Assam,Langting Hasin,788832
Assam,Langting,788832
Assam,Larsing T E,788030
Assam,Larsingpar,788002
Assam,Lasang,788830
Assam,Lathigram,788030
Assam,Lathimara,788805
Assam,Latu,788781
Assam,Leburbond,788002
Assam,Leelachela,788734
Assam,Leiri,788107
Assam,Link Road Cachar,788006
Assam,Lodikachari,788108
Assam,Loharband,788113
Assam,Longai Road,788710
Assam,Longaighat,788710
Assam,Longkhu,788931
Assam,Longlacherra,788108
Assam,Lowairpoa,788726
Assam,Lowairpoa,788728
Assam,Machpara,788009
Assam,Machughat,788003
Assam,Madanmohan,788152
Assam,Madaripar,788163
Assam,Madhura,788030
Assam,Madhurbond,788001
Assam,Madripar,788101
Assam,Mahadebpur PT I,788114
Assam,Mahadevpur,788025
Assam,Mahakhal,788120
Assam,Mahalthal,788107
Assam,Mahisashan,788781
Assam,Mahur,788830
Assam,Maibong,788831
Assam,Mailongdisha,788818
Assam,Maizgram,788712
Assam,Malua,788806
Assam,Malugram,788002
Assam,Mandardisha,788832
Assam,Mangalpur,788119
Assam,Maniarkhal,788099
Assam,Manigipur,788831
Assam,Manikbond,788728
Assam,Manikganj,788712
Assam,Maniknagar,788164
Assam,Maniknagar,788166
Assam,Manipur Bagan,788165
Assam,Manipur Pti,788101
Assam,Maniupr PT II,788098
Assam,Marchakhal,788107
Assam,Marjatkandi,788701
Assam,Martycherra,788108
Assam,Masley,788701
Assam,Matijuri,788155
Assam,Matinagar,788099
Assam,Matirgram,788150
Assam,Medley,788725
Assam,Meherpur,788015
Assam,Michidui,788819
Assam,Mirirgool,788168
Assam,Mirzapur,788701
Assam,Mohanpur,788150
Assam,Monacherra,788164
Assam,Mouthoi,788819
Assam,Muktaranpur,788156
Assam,Muliala,788735
Assam,Mullaganj Bazar,788719
Assam,Mupa,788832
Assam,Nablaidisha,788831
Assam,Nagar T E,788030
Assam,Nagdirgram,788121
Assam,Nagendranagar,788733
Assam,Nairgram,788713
Assam,Naraincherra,788110
Assam,Narainpur,788818
Assam,Narainpur,788152
Assam,Narainpur North,788801
Assam,Narsingpur,788115
Assam,Narsingwari,788819
Assam,Nathupur,788711
Assam,Nayabeel,788117
Assam,Nayagram,788709
Assam,Neairgram,788013
Assam,Netaji Nagar,788166
Assam,New Bag O Bahar,788113
Assam,Nilam Bazar,788722
Assam,Nimaichandpur PT II,788168
Assam,Nimaichandpur PT II,788160
Assam,Nischintapur,788164
Assam,Nitainagar,788155
Assam,Nityanandapur,788168
Assam,Nizjoynagar,788025
Assam,Nunapani T E,788117
Assam,Nutan Bazar,788115
Assam,Nutan Dayapur,788009
Assam,Nutan Ramnagar,788126
Assam,Olivacherra,788737
Assam,Paikan,788155
Assam,Pailapool,788098
Assam,Pallorbond,788101
Assam,Paloi,788123
Assam,Palonghat,788116
Assam,Panch Kilometer,788931
Assam,Panchgram,788802
Assam,Pangmoul,788830
Assam,Pangram,788030
Assam,Panibhora,788123
Assam,Panighat,788709
Assam,Pathar Kandi Bazar,788724
Assam,Patharkandi Anchalik,788724
Assam,Patharkandi,788724
Assam,Pathu,788781
Assam,Pechaala,788734
Assam,Polarpar,788801
Assam,Pratapur,788113
Assam,Promodenagar,788722
Assam,Punimukh,788123
Assam,Purandarpur,788110
Assam,Purba Harinagar,788734
Assam,Purba Sonapur,788155
Assam,Purnanagar,788816
Assam,Puthini,788725
Assam,R K Mission Road,788007
Assam,Rajartilla,788805
Assam,Rajnagar,788026
Assam,Rajpasa,788701
Assam,Rajyeswarpur,788163
Assam,Rajyeswarpur,788168
Assam,Rajyeswarpur West,788816
Assam,Rakeshnagar,788701
Assam,Rakhal Khalerpar,788025
Assam,Rakhalbasti,788152
Assam,Ramanikrishna,788722
Assam,Ramkrishnanagar,788166
Assam,Rammanikpur,788116
Assam,Ramnagar Tarapur,788003
Assam,Ramnathpur,788162
Assam,Rangabawk,788161
Assam,Rangauti,788155
Assam,Rangauti PT II,788155
Assam,Rangirkhari,788005
Assam,Ranibari,788722
Assam,Ratabari,788735
Assam,Ratakandi,788152
Assam,Ratanpur Road,788155
Assam,Redzol,788818
Assam,Ronghat PT I,788817
Assam,Rongpur Boalipar,788161
Assam,Rongpur North,788155
Assam,Rongpur PT II,788009
Assam,Rongpur,788009
Assam,Rongpur South,788163
Assam,Rosekandi,788117
Assam,Rukhni,788116
Assam,Rukhni PT I,788116
Assam,Rukhni T E,788116
Assam,Rupacherra Basti,788161
Assam,Sachinpur,788116
Assam,Sadarashi,788709
Assam,Sadirkhal,788815
Assam,Sahabad,788163
Assam,Sahapur,788117
Assam,Saidband PT II,788150
Assam,Saidpur,788013
Assam,Saidpur PT II,788013
Assam,Saint Katharine,788099
Assam,Salchapra,788801
Assam,Salganga,788031
Assam,Samarikona,788155
Assam,Sangbar,788931
Assam,Santilla,788819
Assam,Santipur,788123
Assam,Saptagram,788114
Assam,Saradapally,788107
Assam,Saran,788830
Assam,Sarbadaynagar,788006
Assam,Sarbanandapur,788163
Assam,Sarbantilla,788117
Assam,Sarkari Bagan,788820
Assam,Satkarakandi,788013
Assam,Sayedpur Amtala,788815
Assam,Selurpar,788119
Assam,Settlement Road,788712
Assam,Shyamacharanpur,788120
Assam,Shyamnagar,788720
Assam,Sialtek,788802
Assam,Sibbari Krishna Nagar,788734
Assam,Sibbari Road,788002
Assam,Siberchak,788720
Assam,Sibpur,788098
Assam,Silchar Court,788001
Assam,Silchar,788001
Assam,Silchar Medical College,788014
Assam,Silchar REC,788010
Assam,Silchar Road,788713
Assam,Silcuri,788118
Assam,Sildhubi,788112
Assam,Simtuilong,788831
Assam,Singala,788164
Assam,Singari,788007
Assam,Singaria Bazar,788719
Assam,Singerbond,788126
Assam,Singlacherra Bazar,788736
Assam,Solgoi,788726
Assam,Sonabarighat,788013
Assam,Sonaimukh,788119
Assam,Sonapur,788817
Assam,Sonpijang,788819
Assam,South Sonapur,788737
Assam,Srigouri,788806
Assam,Srikona,788026
Assam,Sripur,788166
Assam,Subashnagar,788710
Assam,Subedar Basti,788003
Assam,Subhang,788111
Assam,Sudarshanpur,788160
Assam,Suktola,788114
Assam,Sultanicherra,788162
Assam,Sundari,788099
Assam,Sundari PT II,788116
Assam,Sutarkandi,788712
Assam,Swastipally,788126
Assam,Tantoo Maniknagar,788163
Assam,Taranathpur,788117
Assam,Tarapur Khelma,788003
Assam,Tarapur Part VII,788003
Assam,Tarapur Cachar,788003
Assam,Telikhalerpar,788711
Assam,Telkatta,788161
Assam,Tenokhal,788724
Assam,Thailoo,788102
Assam,Thaligram,788031
Assam,Thanjanlaikai,788119
Assam,Tibhum,788725
Assam,Tikarburunga,788817
Assam,Tillabazar,788709
Assam,Tolengram,788103
Assam,Tongibari,788735
Assam,Topadisa,788820
Assam,Tulargram PT II,788119
Assam,Tulpoi,788830
Assam,Tupkhana,788003
Assam,Udarbond,788030
Assam,Ujan Tarapur,788098
Assam,Umarpur,788806
Assam,Umednagar,788163
Assam,Umrangshu,788931
Assam,Uttar Lalpani,788104
Assam,Uttar Sonpur,788098
Assam,Uttarkrishnapur,788006
Assam,Uzankupa,788152
Assam,Venzaul,788830
Assam,Vernerpur,788163
Assam,Vetarband,788736
Assam,Vichingcha,788155
Assam,Vivekananda Road,788007
Assam,Wardendisha,788831
Assam,Zion,788820
Assam,Ajodhyapur,784524
Assam,Alisinga,784112
Assam,Alupara,784178
Assam,Ambagan,784510
Assam,Ameribari,784101
Assam,Aminpara,784514
Assam,Amlakhi Dalani,784170
Assam,Andherighat,784148
Assam,Arragaon No 1,784167
Assam,Atterikhat,784527
Assam,Aujuli Rangagora,784103
Assam,Aulachowka,784529
Assam,Bahbari,784502
Assam,Bahmola,784522
Assam,Bajanapathar,784145
Assam,Bakola,784182
Assam,Bakori Doloni,784172
Assam,Bakrapatta,784175
Assam,Balabari,784146
Assam,Balichang,784174
Assam,Balichapori,784027
Assam,Balijan,784172
Assam,Balijan Barua,784171
Assam,Balijuri,784182
Assam,Balipara,784101
Assam,Balipukhuri Joradia,784117
Assam,Balipukhuri Tiniali,784154
Assam,Bandarguri,784509
Assam,Bandarmari,784153
Assam,Bapubheti,784153
Assam,Baralakhat,784522
Assam,Barampur,784144
Assam,Barampur Kalaigaon,784525
Assam,Barangabari,784522
Assam,Barangabari,784172
Assam,Barbagan,784190
Assam,Bargaon,784149
Assam,Barigaon No 2,784147
Assam,Barigoan,784510
Assam,Barika Chuburi,784154
Assam,Barkalachowka,784525
Assam,Barnagram,784509
Assam,Bashbera,784506
Assam,Batabari,784507
Assam,Batakuchi,784510
Assam,Batashipur,784111
Assam,Batiamari,784179
Assam,Bechimari,784514
Assam,Bedeti,784179
Assam,Behali,784166
Assam,Bengbari,784523
Assam,Besseria,784150
Assam,Bhairabkunda,784513
Assam,Bhakatpara,784190
Assam,Bhalukmari,784508
Assam,Bhangamandir,784112
Assam,Bhekulikanda,784525
Assam,Bherbheribill,784525
Assam,Bhergaon Kochgaon,784149
Assam,Bhimdanga,784167
Assam,Bhirgaon,784522
Assam,Bhojkhowa Chapori,784027
Assam,Bholabari,784525
Assam,Bholaguri,784522
Assam,Bhuyankhat,784528
Assam,Bihaguri,784153
Assam,Bihmari,784179
Assam,Bindukuri,784502
Assam,Biskhuti,784117
Assam,Biswanathghat,784177
Assam,Bogipukhuri,784112
Assam,Bogpuri,784522
Assam,Bokabil,784175
Assam,Bokajan,784105
Assam,Bongaligaon,784113
Assam,Borbil Kachari,784149
Assam,Bordikorai,784182
Assam,Bordolguri,784145
Assam,Bordupsonalibari,784178
Assam,Borgong,784167
Assam,Borjhar Bazar,784114
Assam,Borjharani,784184
Assam,Borjuli Nepaligaon,784179
Assam,Borjuli,784504
Assam,Borpam Tiniali,784175
Assam,Borsola,784117
Assam,Brahmajan,784172
Assam,Burargarh,784147
Assam,Burha,784148
Assam,Burhi Nagar,784147
Assam,Burigong,784176
Assam,Buroi Ghat,784179
Assam,Byaspara,784145
Assam,Chakrabasti,784116
Assam,Chamatiapara,784147
Assam,Chamuapara,784529
Assam,Chapaichowka,784529
Assam,Chariali,784176
Assam,Chariduar,784103
Assam,Chengamari,784175
Assam,Chengapathar,784525
Assam,Chengeliajhar,784145
Assam,Chengelimara,784103
Assam,Cherelia,784167
Assam,Chitalmari,784110
Assam,Da Besseria,784150
Assam,Da Parbatia,784150
Assam,Dafalapota,784114
Assam,Daflagarh,784171
Assam,Dahinagaon,784529
Assam,Daipam,784514
Assam,Dalgaon,784116
Assam,Dalong Ghat,784528
Assam,Darrang Panbari,784111
Assam,Dekargaon,784501
Assam,Deodhani Ghat,784147
Assam,Deomornoi,784147
Assam,Dhankhana,784506
Assam,Dhansiri Bazar,784114
Assam,Dhekiajuli,784110
Assam,Dhekipara,784145
Assam,Dhendoi,784504
Assam,Dholi Kuhiarbari,784174
Assam,Dholpur,784145
Assam,Dhopguri,784528
Assam,Dhula,784146
Assam,Dibru Darrang,784111
Assam,Dighalijuli,784506
Assam,Dighirpar,784144
Assam,Dimakuchi,784526
Assam,Dipara Pukhuri,784172
Assam,Diphalu Satra,784169
Assam,Dipila Chowka,784144
Assam,Dipota,784150
Assam,Dolabari,784027
Assam,Dolakati Borobazar,784113
Assam,Dopdopi,784505
Assam,Dubia,784178
Assam,Duni Darrang,784148
Assam,Ekrabari,784514
Assam,Farshipam,784110
Assam,Fatasimalugaon,784117
Assam,Fulaguri,784504
Assam,Gabharu,784153
Assam,Galandi,784115
Assam,Gamani,784103
Assam,Gameri,784172
Assam,Gameripal,784180
Assam,Ganesh Kunwari,784145
Assam,Gangmouthan,784167
Assam,Garaibari,784509
Assam,Garpal,784175
Assam,Garubandha,784506
Assam,Garuduba,784149
Assam,Garukhuti,784145
Assam,Gelapukhuri,784176
Assam,Gerua Bazar,784514
Assam,Geruabari,784176
Assam,Ghahigaon Chariali,784170
Assam,Ghansimali,784115
Assam,Ghatua,784149
Assam,Ghoghrabazar,784524
Assam,Ghogra,784110
Assam,Ghogra Basti,784168
Assam,Ghoramari,784105
Assam,Gingia,784184
Assam,Gobinda Elengisatra,784168
Assam,Godamghat,784101
Assam,Gohpur,784168
Assam,Goriajhar,784523
Assam,Gormara,784111
Assam,Halem,784170
Assam,Haleswar,784104
Assam,Harisinga,784510
Assam,Hatigarh Darrang,784524
Assam,Hatimara,784144
Assam,Hatinga,784182
Assam,Hazarapar,784001
Assam,Hazarikapara,784145
Assam,Helemguri,784172
Assam,Hengalpara,784148
Assam,Hoograjuli,784507
Assam,Howajair,784169
Assam,Howli Mohanpur,784529
Assam,Itakhola,784182
Assam,Jahamari,784149
Assam,Jaljali,784529
Assam,Jalukbari,784522
Assam,Jamuguri,784114
Assam,Jamugurihat,784180
Assam,Janata,784179
Assam,Jangalpara,784116
Assam,Jiagabharu,784506
Assam,Jonaramchowka,784529
Assam,Kabir Ali,784525
Assam,Kacharigaon,784001
Assam,Kacharison,784117
Assam,Kachubilhat,784523
Assam,Kailajuli,784505
Assam,Kajiamati,784509
Assam,Kakila Chariali,784168
Assam,Kalabari,784178
Assam,Kalaigaon,784525
Assam,Kalakuchi,784149
Assam,Kaliabhomora,784027
Assam,Kalikhola,784526
Assam,Kalmowguri,784178
Assam,Kamdewal,784169
Assam,Karibil Bangali,784170
Assam,Karsontala,784189
Assam,Kauri Pathar,784170
Assam,Keherukhanda,784110
Assam,Kenduguri,784148
Assam,Ketekibari,784154
Assam,Khagrabari,784527
Assam,Khalihamari,784026
Assam,Khanaguri,784175
Assam,Khandajan,784145
Assam,Kharaiguri,784169
Assam,Kharupetiaghat Bazar,784115
Assam,Kharupetiaghat,784115
Assam,Khatargaon,784169
Assam,Khelmati,784153
Assam,Khelmati Bazar,784101
Assam,Khoirabari,784522
Assam,Khowrang,784509
Assam,Khuchurabari,784507
Assam,Khuchurabari Habigaon,784509
Assam,Kopati,784113
Assam,Kuhiarkuchi,784522
Assam,Kunwari,784176
Assam,Kunwari Pukhuri,784115
Assam,Kuruwa,784145
Assam,Lahorijan,784176
Assam,Lakhimpur,784525
Assam,Lalpul Bazar,784514
Assam,Lehugaon,784176
Assam,Lohitmukh,784169
Assam,Lokra,784102
Assam,Magoni,784168
Assam,Mahabhairab,784001
Assam,Mahalia Para,784507
Assam,Mail Bazar,784170
Assam,Majorchuba,784525
Assam,Majukuchi,784178
Assam,Malmura,784522
Assam,Mangalanagar,784529
Assam,Mangaldoi,784125
Assam,Manijharni,784502
Assam,Mansiri,784105
Assam,Maroi,784145
Assam,Marowachowka,784145
Assam,Maugaon,784528
Assam,Mazbat,784507
Assam,Mazkhuti,784509
Assam,Mazrowmari,784117
Assam,Mechakapukhuri,784521
Assam,Mejengjuli,784111
Assam,Mijikajan,784173
Assam,Mikirborachuk,784178
Assam,Milanpur,784168
Assam,Minapara,784146
Assam,Missamari,784506
Assam,Mitham Bangali,784110
Assam,Mohanpur,784509
Assam,Monabari,784176
Assam,Mudoibari,784146
Assam,Mukoli Gaon,784170
Assam,Murmela,784521
Assam,Muslimghopa,784145
Assam,Nagshankar,784189
Assam,Naharbari,784147
Assam,Naharbari,784182
Assam,Nalkhamara,784509
Assam,Nandikeswar,784180
Assam,Nankey Patgaon,784101
Assam,Napaam,784028
Assam,Narengkati,784507
Assam,Nassansali,784528
Assam,Natun Baithabhonga,784105
Assam,Natun Sirajuli,784110
Assam,Nepalibasti,784506
Assam,Nichilamari,784522
Assam,Nikamul Satra,784154
Assam,Niz Kharupetia,784115
Assam,Niz Sootea,784175
Assam,No 1 Amjuli,784510
Assam,No 2 Barangajuli,784527
Assam,No 2 Ghahigaon,784175
Assam,No 2 Saikia Chuburi,784114
Assam,No 2 Sialmari,784116
Assam,No 3 Nalbari,784175
Assam,No 3 Rajagarh,784527
Assam,Orang,784114
Assam,Orientoli,784112
Assam,Outola,784525
Assam,Pabhoi,784174
Assam,Pachim Patla,784526
Assam,Padupuri Mazgaon,784514
Assam,Palahgarh,784521
Assam,Palasbasti Pathar,784110
Assam,Panchmile,784025
Assam,Panerihat,784523
Assam,Panibharal,784176
Assam,Panichali,784522
Assam,Panpur,784180
Assam,Pathakpur,784507
Assam,Pathorighat,784144
Assam,Pati Darrang,784147
Assam,Pirakata No 2,784110
Assam,Pithakhowa,784153
Assam,Poken No 1,784168
Assam,Pratapgarh,784175
Assam,Pulisomoni No 1,784178
Assam,Punia No 1,784115
Assam,Purana Tangla,784528
Assam,Purandia,784521
Assam,Rajabari,784168
Assam,Rajghat,784529
Assam,Raksyasmari,784507
Assam,Ramhari Chowka,784529
Assam,Rampur Darrang,784167
Assam,Rangachakua,784182
Assam,Rangagora Darrang,784110
Assam,Rangajuli,784522
Assam,Rangamati,784529
Assam,Rangapara,784505
Assam,Rangapukhuri,784501
Assam,Ranipukhuri,784525
Assam,Ratanpur,784523
Assam,Rawanmukh,784169
Assam,Rowta Chariali,784508
Assam,Rowta,784508
Assam,Sakomato,784176
Assam,Salaikati,784174
Assam,Samardalani,784175
Assam,Samuakhat,784190
Assam,Sanowa,784145
Assam,Santipukhuri,784144
Assam,Santipur Dewrigaon,784178
Assam,Sastrapara,784510
Assam,Satkhali,784145
Assam,Shalonibari,784104
Assam,Shamtilla,784190
Assam,Shikari Banglow,784528
Assam,Shillongkhuti,784508
Assam,Silbori,784114
Assam,Silikhabari,784149
Assam,Silonigaon,784101
Assam,Simaluguri,784168
Assam,Singitoli,784025
Assam,Singri,784110
Assam,Sipajhal,784145
Assam,Sirajuli,784117
Assam,Solaguri,784180
Assam,Solal Sonari,784175
Assam,Solemari No 1,784177
Assam,Solmara,784501
Assam,Sonaipam,784102
Assam,Sonapur,784168
Assam,Sonitpur,784001
Assam,Sootea,784175
Assam,Subansirimukh,784169
Assam,Suklai,784527
Assam,Tamulbari,784510
Assam,Tangla,784521
Assam,Teliagaon,784149
Assam,Teliapara,784524
Assam,Tengabari,784525
Assam,Tengabasti,784025
Assam,Tengara,784148
Assam,Tetenbari,784171
Assam,Tewaripal,784175
Assam,Tezpur Bazar,784001
Assam,Tezpur,784001
Assam,Tezpur Medical College,784010
Assam,Thakurbari,784505
Assam,Thakuriapara,784522
Assam,Thana Udalguri,784509
Assam,Thelamara,784149
Assam,Tinikhuti,784173
Assam,Towbhanga,784182
Assam,Udalguri,784509
Assam,Ulubari,784149
Assam,Upper Panbari,784110
Assam,Urahiloga,784505
Assam,Uriumguri,784025
Assam,Uttar Amloga,784103
Assam,A P Mill,783388
Assam,Abhayapuri,783384
Assam,Adlaguri,783392
Assam,Aflagaon,783346
Assam,Agia,783120
Assam,Agomoni,783335
Assam,Airkata Bazar,783330
Assam,Aironjongla,783323
Assam,Alamganj,783339
Assam,Alukhunda Bazar,783391
Assam,Ambari,783384
Assam,Ambari,783123
Assam,Ambari Bazar,783129
Assam,Ambuk,783123
Assam,Amco Road,783323
Assam,Amguri Bazar,783393
Assam,Aminkata,783337
Assam,Amjonga,783124
Assam,Amteka Bazar,783393
Assam,Ananda Bazar,783390
Assam,Anthaibari,783360
Assam,Aolaguri,783392
Assam,Aolatoli,783129
Assam,Asharikandi,783331
Assam,Athiabari,783346
Assam,Athiabari,783130
Assam,B Ladanguri,783393
Assam,B S Gram,783384
Assam,Badahapur,783120
Assam,Bagargaon,783390
Assam,Bagdoba,783123
Assam,Baghmari,783345
Assam,Bagribari,783349
Assam,Baguan,783129
Assam,Bahati,783125
Assam,Baida,783120
Assam,Bairali,783350
Assam,Bakaitari,783125
Assam,Baladmari,783121
Assam,Baladmarirchar,783101
Assam,Baladoba,783334
Assam,Balajan,783331
Assam,Balapara,783388
Assam,Balarbhita,783129
Assam,Balbala Kalapani,783120
Assam,Ballamguri Bazar,783393
Assam,Ballimari,783360
Assam,Banargaon,783347
Assam,Bandarshi,783124
Assam,Bangalijhora,783390
Assam,Bangalipara,783348
Assam,Banyaguri,783331
Assam,Barbhita,783101
Assam,Bardamal,783120
Assam,Barigaon,783384
Assam,Barjan,783332
Assam,Barjana,783382
Assam,Barjhora,783120
Assam,Barkaila Serso,783330
Assam,Barkanda,783348
Assam,Barkona,783131
Assam,Barpara,783380
Assam,Barpathar,783391
Assam,Baruapara,783345
Assam,Barundanga,783334
Assam,Bashbari,783337
Assam,Bashbari,783129
Assam,Basugaon,783372
Assam,Batabari,783347
Assam,Bauskata,783127
Assam,Belguri,783334
Assam,Bengtal,783394
Assam,Beserkona,783129
Assam,Betini,783393
Assam,Betnapara,783393
Assam,Bhalukdubi,783101
Assam,Bhalukmari,783347
Assam,Bhandra Bazar,783390
Assam,Bhatipetla,783334
Assam,Bhodeaguri,783360
Assam,Bholatol,783390
Assam,Bhotgaon,783390
Assam,Bhotguti Huramara,783383
Assam,Bhowraguri,783336
Assam,Bhumka,783337
Assam,Bichandai,783334
Assam,Bidyapara,783324
Assam,Bidyapur,783372
Assam,Bidyardabri,783335
Assam,Bijni,783390
Assam,Bilasipara,783348
Assam,Bilaspur,783372
Assam,Binnyakhata,783336
Assam,Bishkhowa,783334
Assam,Bishmuri,783370
Assam,Boalkamari,783348
Assam,Boitamari,783389
Assam,Bondihana,783349
Assam,Bongaigaon,783380
Assam,Boraibari Pt V,783339
Assam,Boro Bazar,783393
Assam,Boro Gendrabil,783370
Assam,Borocharaikhola,783334
Assam,Borshijhora,783339
Assam,Chagalchara,783324
Assam,Chagolia,783335
Assam,Chakapara,783380
Assam,Chakihali,783392
Assam,Chakla,783125
Assam,Chakla,783392
Assam,Chakma,783360
Assam,Chalantapara,783388
Assam,Champabati Bazar,783373
Assam,Chandrapara,783370
Assam,Chapaguri,783380
Assam,Chapar,783371
Assam,Chaprakata,783380
Assam,Chatianguri,783390
Assam,Chatoguma,783335
Assam,Chatonilibari,783394
Assam,Chekowary,783123
Assam,Chipansila,783380
Assam,Chirakuti Bazar,783330
Assam,Chirakuti Pt i,783348
Assam,Chitila Bhubannagar,783354
Assam,Choibari,783376
Assam,Choraikhola,783376
Assam,Chotipara,783126
Assam,Chotomatia,783126
Assam,Choudhurirchar,783349
Assam,Chunari,783129
Assam,Dabargaon,783376
Assam,Dafarpur,783334
Assam,Dahela,783125
Assam,Dakshin Bijni,783390
Assam,Dakurbhita,783101
Assam,Dalgoma,783125
Assam,Daloabari,783370
Assam,Damra,783122
Assam,Darakh,783124
Assam,Dariduri,783101
Assam,Darragiri,783134
Assam,Debitola,783339
Assam,Debottar Hasdaha,783334
Assam,Deohati,783384
Assam,Deosiri,783375
Assam,Depalsung,783120
Assam,Dhaigaon,783126
Assam,Dhaligaon,783385
Assam,Dhamer Reserve,783129
Assam,Dhanpur,783337
Assam,Dhantala Bazar,783372
Assam,Dhanuagaon,783135
Assam,Dhanubhanga,783130
Assam,Dharai,783132
Assam,Dharmasala,783324
Assam,Dhirbil,783348
Assam,Dhubri Balurchar,783323
Assam,Dhubri Bazar,783301
Assam,Dhubri,783301
Assam,Dhumerghat,783330
Assam,Dhupdhara,783123
Assam,Dighali,783123
Assam,Dighaltari,783335
Assam,Dimakuri,783334
Assam,Dingdinga,783333
Assam,Dologaon,783372
Assam,Dompara,783392
Assam,Dongaigaon,783380
Assam,Dongshia Para,783393
Assam,Dotma,783347
Assam,Dubapara,783101
Assam,Dudhnoi,783124
Assam,Duligaon,783337
Assam,Dumerguri,783384
Assam,Dumeriguri,783347
Assam,Dumuria Piradhara,783384
Assam,Duttapur,783373
Assam,Dwarka,783120
Assam,Fagunagaon,783390
Assam,Failaguri,783333
Assam,Fakiragram,783345
Assam,Fakirganj,783330
Assam,Falimari Pt i,783325
Assam,Fekamari,783135
Assam,Fetangapara,783129
Assam,Fulerchar,783135
Assam,Fulguri,783372
Assam,Futkibari,783345
Assam,Gambaribil,783336
Assam,Gangia,783350
Assam,Garubhasa,783373
Assam,Garufela Bazar,783360
Assam,Garugaon,783383
Assam,Gashbari,783348
Assam,Gauripur,783331
Assam,Gaurnagar,783132
Assam,Geramari,783339
Assam,Gerukabari,783390
Assam,Ghilaguri,783383
Assam,Goalpara,783101
Assam,Gobardhanpara,783348
Assam,Goladangi,783361
Assam,Golakganj,783334
Assam,Golapara,783384
Assam,Goraimari,783390
Assam,Gossaibari,783125
Assam,Gossaigaon No Ii,783360
Assam,Gossaigaon,783360
Assam,Gossainichina,783346
Assam,Govindapur,783101
Assam,Grahampur,783333
Assam,Guabari,783360
Assam,Gutipara,783349
Assam,Hakama,783348
Assam,Hakamabil,783347
Assam,Haloadal,783370
Assam,Haltugaon,783370
Assam,Hamidabad,783330
Assam,Hanchara,783390
Assam,Hapachara,783390
Assam,Haraltari,783337
Assam,Haraputa,783361
Assam,Harimura,783126
Assam,Hashdoba,783129
Assam,Hatipota,783348
Assam,Hatsingimari,783135
Assam,Hazirhat,783128
Assam,Helaguri,783345
Assam,Howrarpar,783324
Assam,Jalabila,783348
Assam,Jaleswar,783132
Assam,Jaleswari,783350
Assam,Jamadarhat,783330
Assam,Jambuguri,783360
Assam,Jamduar,783348
Assam,Jaraguri,783361
Assam,Jhagrarpar,783325
Assam,Jhapsabari,783335
Assam,Jharbari,783346
Assam,Jharbishpani,783390
Assam,Jharnerchar,783339
Assam,Jhaskal,783335
Assam,Jhowdanga,783131
Assam,Jogighopa,783382
Assam,Joybhum,783129
Assam,Joyma,783360
Assam,Joyma Bazar,783360
Assam,Joypur,783393
Assam,Joypur Bazar,783129
Assam,Joyramkuchi,783129
Assam,Jurigaon,783120
Assam,Kachadal,783134
Assam,Kachakhana,783334
Assam,Kacharihat,783334
Assam,Kachugaon,783350
Assam,Kadamtala Pt III,783348
Assam,Kahibari,783130
Assam,Kaimari,783335
Assam,Kajaikata,783348
Assam,Kajalgaon,783385
Assam,Kakaijana,783383
Assam,Kakormari,783346
Assam,Kakripara,783131
Assam,Kalapani,783135
Assam,Kaldoba,783335
Assam,Kaliagaon,783390
Assam,Kalipukhuri,783369
Assam,Kalyanpur,783101
Assam,Kamalsing,783336
Assam,Kamandanga,783332
Assam,Kanaimara,783135
Assam,Karigaon,783373
Assam,Kartimari,783337
Assam,Kashiabari,783360
Assam,Kashikotra,783373
Assam,Kashipara Bhotgaon,783370
Assam,Katarihara,783132
Assam,Kawatika,783390
Assam,Kayetpara,783389
Assam,Kazigaon,783339
Assam,Khagarpur,783383
Assam,Khagrabari,783380
Assam,Khalilpur,783325
Assam,Khalisabhita,783330
Assam,Khanabari Araiani,783349
Assam,Khardang,783126
Assam,Khargaon,783370
Assam,Kharmuza,783101
Assam,Kheluapara,783371
Assam,Kherbari,783335
Assam,Khopati,783339
Assam,Khudimari,783331
Assam,Khungkhurajhara,783393
Assam,Khungring,783375
Assam,Khusdhowa,783124
Assam,Khwaja Dolaigaon,783380
Assam,Kirtanpara,783384
Assam,Kismat Hasdaha,783334
Assam,Koilamoila,783393
Assam,Koimari,783360
Assam,Kokila,783392
Assam,Kokradanga,783128
Assam,Kokragaon,783372
Assam,Kokrajhar Bagicha,783370
Assam,Kokrajhar,783370
Assam,Koreya,783388
Assam,Kothakuthi,783123
Assam,Krishnai,783126
Assam,Kukurkata,783126
Assam,Kushbari,783384
Assam,Lakhiganj Bazar,783345
Assam,Lakhimari,783334
Assam,Lakhipur Goalpara,783129
Assam,Lalabari,783126
Assam,Lalmati,783384
Assam,Lalmati Tumbagan,783332
Assam,Latibari,783384
Assam,Lawdanga,783347
Assam,Lela,783124
Assam,Lengtisinga,783384
Assam,Madartari,783330
Assam,Madhusoulmari,783331
Assam,Madrasapara,783384
Assam,Magurmari,783370
Assam,Mahamayadham,783349
Assam,Mahamayahat,783335
Assam,Mainaguri,783354
Assam,Majerchar,783325
Assam,Majergaon,783376
Assam,Majharalga,783388
Assam,Maktaigaon,783360
Assam,Maladhara,783120
Assam,Malegarh,783382
Assam,Malibhita,783393
Assam,Malipara,783393
Assam,Manikpur Bongaigaon,783392
Assam,Mankachar,783131
Assam,Manullapara,783135
Assam,Manupara,783124
Assam,Maragadadhar,783335
Assam,Markula,783120
Assam,Matia Bazar,783125
Assam,Matia,783125
Assam,Melopara,783134
Assam,Meserbhita,783129
Assam,Misilkhowa,783126
Assam,Molandubi,783334
Assam,Monakocha,783391
Assam,Monglajhora,783337
Assam,Mongolian Bazar,783390
Assam,Mornai,783101
Assam,Moterjhar,783334
Assam,Mozabari,783373
Assam,Muhurirchar,783128
Assam,Mulagaon,783380
Assam,Muthakhowa,783323
Assam,Nararbhita,783384
Assam,Natunpara,783380
Assam,Nayagaon,783384
Assam,Nayasatra,783384
Assam,Nayekgaon,783376
Assam,Nayeralga,783348
Assam,Nehru Bazar,783393
Assam,New Bongaigaon,783381
Assam,Nidanpur,783129
Assam,Nilokhia,783128
Assam,Nishangram,783122
Assam,North Baitamari,783380
Assam,North Bongaigaon,783380
Assam,Nowagaon,783392
Assam,Nowapara,783392
Assam,Numberpara,783392
Assam,Ouguri,783394
Assam,Pabarchara,783335
Assam,Pachania,783382
Assam,Padmabil,783360
Assam,Paglahat,783334
Assam,Pakriguri,783346
Assam,Panbari,783391
Assam,Panbari Bazar,783360
Assam,Panisali,783129
Assam,Patabari,783394
Assam,Patakata,783127
Assam,Patakata,783360
Assam,Patamari,783324
Assam,Patgaon,783346
Assam,Patiladaha,783391
Assam,Patpara,783130
Assam,Petlagaon,783332
Assam,Piazbari,783128
Assam,Piazbari Makrijhora,783349
Assam,Pocharchar,783127
Assam,Podmeralga,783339
Assam,Pokalagi,783335
Assam,Popragaon,783380
Assam,Pratapkhata,783337
Assam,Purandiara,783135
Assam,Puthimari,783347
Assam,Radhamadhabhat,783131
Assam,Raijhora Bahalpur,783371
Assam,Raimona,783350
Assam,Rainadabri,783370
Assam,Raipur,783334
Assam,Rajadabri,783360
Assam,Rajapara,783133
Assam,Rajmita Pantai,783129
Assam,Rakhasini,783101
Assam,Ramfalbil,783346
Assam,Ramharirchar,783101
Assam,Ranchaidham,783372
Assam,Rangalikhata,783370
Assam,Rangamati,783339
Assam,Rangapani,783384
Assam,Rangjuli,783130
Assam,Raniganj,783345
Assam,Ranipur,783375
Assam,Ratiadaha,783334
Assam,Ravatari,783127
Assam,Rowkhowa,783129
Assam,Runikhata,783375
Assam,Rupsi,783331
Assam,Sahebganj Naicherkuti,783331
Assam,Saktiashram,783354
Assam,Salabila Bazar,783392
Assam,Salakati,783369
Assam,Salakati Project,783369
Assam,Salkocha,783348
Assam,Salmara North,783383
Assam,Salmara South,783127
Assam,Salpara,783123
Assam,Santipur,783375
Assam,Santoshpur,783384
Assam,Sapatgram,783337
Assam,Sapkata,783360
Assam,Saraibil,783350
Assam,Sarkarergaon,783127
Assam,Satrasal,783335
Assam,Satyapur,783360
Assam,Serfanguri,783346
Assam,Sesapani,783134
Assam,Shantinagar Kokrajhar,783370
Assam,Shesergaon,783345
Assam,Shialmari,783346
Assam,Shyamthaibari,783346
Assam,Sidalsati,783383
Assam,Sidli,783373
Assam,Silairpar,783331
Assam,Silbari Abdaipara,783393
Assam,Silgara,783348
Assam,Silkhaguri,783390
Assam,Simbargaon,783370
Assam,Simlabari,783101
Assam,Simlabari,783371
Assam,Simlabari,783330
Assam,Simlaguri,783381
Assam,Simlitola,783130
Assam,Simultapu,783361
Assam,Sonahat,783334
Assam,Sonaikhola,783391
Assam,South Geramari,783331
Assam,South Jhapsabari,783335
Assam,Srinagar,783332
Assam,Srirampur Kokrajhar,783361
Assam,Suapata,783348
Assam,Suarmari,783120
Assam,Sukchar Dhubri,783128
Assam,Sutarpara,783125
Assam,Takampur,783350
Assam,Takimari,783129
Assam,Tamarhat,783332
Assam,Tetliguri,783347
Assam,Tiamari,783331
Assam,Tilakgaon,783372
Assam,Tilapara,783348
Assam,Tilpukhuri,783384
Assam,Tipkai,783337
Assam,Tiplai,783130
Assam,Tisimpur,783120
Assam,Tistarpar,783324
Assam,Titaguri,783370
Assam,Tokrerchara,783334
Assam,Topgaon,783384
Assam,Tukrijhora,783394
Assam,Tukura,783126
Assam,Tulsibari,783132
Assam,Tulsibil,783337
Assam,Tumni,783127
Assam,Ultapani,783370
Assam,Upartala,783124
Assam,Uzanpetla,783332
Assam,Zira,783126
Assam,Agchia,781128
Assam,Aggumi,781137
Assam,Akadi,781102
Assam,Alikash,781137
Assam,Alupati,781127
Assam,Ambari Fatasil,781025
Assam,Amerigog,781023
Assam,Amgaon,781026
Assam,Amingaon,781031
Assam,Amranga,781014
Assam,Amsinggaon E S 85,781027
Assam,Amtala,781134
Assam,Assam Engg Institute,781003
Assam,Assam Sachivalaya,781006
Assam,Assam Tribune,781003
Assam,Azara,781017
Assam,Badlabazar,781127
Assam,Baghdoba,781366
Assam,Bagmarachar,781127
Assam,Bagta,781102
Assam,Baihata Chariali,781381
Assam,Baihata,781380
Assam,Bakalipara,781124
Assam,Balapukhuri,781124
Assam,Balikuchi,781381
Assam,Bamundi,781103
Assam,Bamunigaon Kamrup,781141
Assam,Bamunimaidan,781021
Assam,Bangalipara,781364
Assam,Bangaon,781354
Assam,Baniapara,781134
Assam,Baralabari,781101
Assam,Barbaka,781030
Assam,Bardal,781354
Assam,Bardangrikuchi,781366
Assam,Bardekpar,781382
Assam,Bargaon,781104
Assam,Bargaon Khaliha,781135
Assam,Barghuli,781354
Assam,Barpalaha,781121
Assam,Barpathar,781364
Assam,Baruajani,781380
Assam,Baruapathar,781136
Assam,Basistha,781029
Assam,Batahidia,781137
Assam,Batarhat,781122
Assam,Beltola,781028
Assam,Betna,781366
Assam,Bezera,781121
Assam,Bhagawatipara,781132
Assam,Bhalukghata,781123
Assam,Bharalumukh,781009
Assam,Bhattaparagaral,781017
Assam,Bhauriabhita,781136
Assam,Bhelkarbazar,781102
Assam,Bhitarduar,781137
Assam,Bhogpur,781366
Assam,Bholebatabari,781364
Assam,Bhomolahati,781121
Assam,Bihapara,781365
Assam,Bihdia,781381
Assam,Bijoynagar,781122
Assam,Binovanagar,781018
Assam,Birpara,781123
Assam,Boko Agchia,781123
Assam,Boko Rajapara,781123
Assam,Boko,781123
Assam,Bonda,781026
Assam,Bondapara,781135
Assam,Bongra,781015
Assam,Bongshor,781103
Assam,Borakhat,781124
Assam,Borduar,781120
Assam,Borjhar,781124
Assam,Borni,781102
Assam,Boromboi,781104
Assam,Chamatapathar,782402
Assam,Champaknagar,781124
Assam,Champaparabazar,781136
Assam,Chandrapur Mills,781150
Assam,Chandrapur Kamrup,781150
Assam,Changsari,781101
Assam,Chanmaguri,781380
Assam,Chapania,781354
Assam,Chenigaon,781366
Assam,Chenikuthi,781003
Assam,Chhaygaon,781124
Assam,Choudhurykhat,781141
Assam,Collegenagar,781031
Assam,Dadara,781104
Assam,Dagaon,781380
Assam,Dagaon,781133
Assam,Dakhala,781122
Assam,Damalchos,781135
Assam,Dampur,781102
Assam,Darkuchi,781376
Assam,Debgotanagar,781011
Assam,Dehaligaon,781122
Assam,Dehangarigaon,781012
Assam,Dekachang,781136
Assam,Deoduar,781101
Assam,Deolkuchi,781354
Assam,Deosunga,781364
Assam,Dharapur,781014
Assam,Dhengargaon,781125
Assam,Dhepargaon,781354
Assam,Dhirenpara,781025
Assam,Dhopguri,782403
Assam,Digaru,782401
Assam,Dihina,781382
Assam,Dispur,781005
Assam,Dobok,781380
Assam,Dopdar,781030
Assam,Dorakahara,781101
Assam,Dumunichowki,781121
Assam,Durapara,781123
Assam,Durungpahar,782403
Assam,Fancy Bazar,781001
Assam,Futuri,781122
Assam,Gamarimura,781135
Assam,Gandhinagar,782403
Assam,Gandhmow,781103
Assam,Garchuk,781035
Assam,Gerua,781102
Assam,Ghoramara,781124
Assam,Gohalkona,781123
Assam,Gopalpur,781354
Assam,Gopinathnagar,781016
Assam,Goreswar,781366
Assam,Gosaihat,781125
Assam,Gotanagar,781011
Assam,Gurmow,781366
Assam,Guwahati Airport,781015
Assam,Guwahati G P O,781001
Assam,Guwahati University,781014
Assam,Hablaka,781102
Assam,Hahara,782402
Assam,Hahimbazar,781129
Assam,Hajo,781102
Assam,Halda,781121
Assam,Halogaon,781103
Assam,Hatigaon Chariali,781038
Assam,Hatipara,781137
Assam,Hekra,781127
Assam,Helecha,781382
Assam,Hengrabari,781036
Assam,Hinguli,781380
Assam,I I T,781039
Assam,Indrapur,781032
Assam,Jahirpur,781137
Assam,Jalukbari,781013
Assam,Jambari,781141
Assam,Jamlai,781127
Assam,Jamtala,781365
Assam,Japia,781382
Assam,Japorigog,781005
Assam,Jharobari,781122
Assam,Jiakur,781134
Assam,Jogiparapathar,781136
Assam,Kachari Solmari,781354
Assam,Kachumara,781127
Assam,Kahilipara,781019
Assam,Kaimari,781124
Assam,Kalajalchowk,781380
Assam,Kalardia,781127
Assam,Kalatoli,781136
Assam,Kalitakuchi,781102
Assam,Kalubari,781127
Assam,Kamakhya,781010
Assam,Kaniha,781380
Assam,Karora,781381
Assam,Karparbhitha,781366
Assam,Kendua,781121
Assam,Khanapara,781022
Assam,Khapenikuchi,781102
Assam,Kharguli,781004
Assam,Kharikot,781380
Assam,Khetri Hardia,781102
Assam,Khetri Kamrup,782403
Assam,Kholabandha,781127
Assam,Khudradimu,781382
Assam,Kinangaon,781123
Assam,Kukurmara,781134
Assam,Kulhati,781104
Assam,Kulsirange,781125
Assam,Kumarpara,781009
Assam,Kuwarpur,781102
Assam,Lachitnagar,781007
Assam,Loch,781381
Assam,Loharghat,781120
Assam,Lower Lumpi,781129
Assam,Madhukuchi,781354
Assam,Madhyamkhanda,781030
Assam,Mahajanpara,781366
Assam,Maharipara,781364
Assam,Mahimari,781137
Assam,Mahtoli,781136
Assam,Majirgaon,781128
Assam,Malaybari,782403
Assam,Malibaribazar,781136
Assam,Malibaripathar,781136
Assam,Mandakata,781121
Assam,Mandira,781127
Assam,Maniari Tiniali,781125
Assam,Maranjana,781354
Assam,Mataikhar,781120
Assam,Mauman Ashram,781123
Assam,Mirza,781125
Assam,Mlg Rly Hqs,781011
Assam,Nagarbera,781127
Assam,Nahira,781132
Assam,Naitar,781127
Assam,Nalapara,781129
Assam,Nampara Majarkuri,781102
Assam,Narangi,781026
Assam,Nartap,782402
Assam,Natun Jharobari,781124
Assam,Nawkata,781364
Assam,Nizdemoria,782403
Assam,Nizmanakuchi,781104
Assam,Noonmati,781020
Assam,North Guwahati,781030
Assam,Odalbakra,781034
Assam,Pacharia,781104
Assam,Pachia,781135
Assam,Pachim Dhuligaon,781124
Assam,Pachim Samaria,781136
Assam,Palahartari,781127
Assam,Palashbari,781128
Assam,Paltanbazar,781008
Assam,Panbari,782401
Assam,Pandu Rly Colony,781012
Assam,Pandu,781012
Assam,Paneri,781123
Assam,Panikhaiti,781026
Assam,Panikhaiti,781137
Assam,Panitema,781101
Assam,Panjabari,781037
Assam,Patharquerry,781171
Assam,Pathimari,781127
Assam,Pijupara,781127
Assam,Pingaleswar,781381
Assam,Pitambarhat Bazali,781354
Assam,Pubborka,781101
Assam,Puthimari,781380
Assam,Rajapara,781120
Assam,Ramdia,781102
Assam,Ramgaon,781364
Assam,Rampur Kamrup,781132
Assam,Rangamati,781122
Assam,Rangia R S,781365
Assam,Rangia,781354
Assam,Rani Kamrup,781131
Assam,Ratanpur,781124
Assam,Rehabari,781008
Assam,Rongmahal,781030
Assam,Rowmari,781104
Assam,Rupnagar,781032
Assam,Sadilapur,781012
Assam,Saledal,781121
Assam,Samuka,781129
Assam,Santipur,781141
Assam,Sarpara,781122
Assam,Satgaon,781027
Assam,Satpakhali,781132
Assam,Saukuchi,781034
Assam,Sawkuchi,781040
Assam,Sidilapara,781124
Assam,Sikarhati,781125
Assam,Siliguri,781103
Assam,Silkijhar,781366
Assam,Silpukhuri,781003
Assam,Simina,781122
Assam,Simlatarabari,781135
Assam,Singra Rajapara,781135
Assam,Singra,781135
Assam,Soalkuchi,781103
Assam,Sonai Kamalajari,782402
Assam,Sonapur,782402
Assam,Soneswar,781382
Assam,Soniadi,781102
Assam,Srihati,781103
Assam,Suagpur,781364
Assam,Sutargaon,781381
Assam,Tarani,781354
Assam,Tengajhar,781364
Assam,Tepesia,782402
Assam,Tetelia,781104
Assam,Tinali,781365
Assam,Titkuri,781354
Assam,Tokradia,781102
Assam,Topabari,781102
Assam,Toparpathar,781137
Assam,Topatali,782403
Assam,Tukrapara,781137
Assam,Tulsibari,781376
Assam,Tupamari,781127
Assam,Udayan Vihar,781171
Assam,Udiana,781354
Assam,Ukiam,781124
Assam,Ulubari,781007
Assam,Uparhali,781122
Assam,Uzanbazar,781001
Assam,Uzankuri,781102
Assam,Zoo Road,781024
Assam,Adabari,781126
Assam,Adalbari,781372
Assam,Ahopa,781373
Assam,Akaya,781329
Assam,Allia,781369
Assam,Amani,781306
Assam,Amayapur,781367
Assam,Ambari,781316
Assam,Amdah,781325
Assam,Amguri,781317
Assam,Amingaon Chowk,781343
Assam,Amrikhowa,781307
Assam,Anandabazar,781318
Assam,Anchali,781327
Assam,Angardhowa,781344
Assam,Angarkata,781360
Assam,Arangmow,781347
Assam,Arara,781334
Assam,Arikuchi,781339
Assam,Assam Syntex,781355
Assam,Athgharia,781347
Assam,Athiabari,781377
Assam,B D Pathar,781318
Assam,B Noontola,781317
Assam,Bagalsroad Chowk,781348
Assam,Baganpara,781344
Assam,Baghbar,781308
Assam,Baghmarabazar,781328
Assam,Baghogra,781330
Assam,Bagodi,781311
Assam,Bagrihati,781310
Assam,Bagrikuthi,781368
Assam,Bagulamari,781344
Assam,Baharihat,781302
Assam,Bajali College,781325
Assam,Bakua,781327
Assam,Bakuajari,781340
Assam,Bala,781339
Assam,Balabitha,781313
Assam,Balagaon,781319
Assam,Balapet,781317
Assam,Bali,781378
Assam,Balikaria,781341
Assam,Balikuchi,781126
Assam,Balikuri,781319
Assam,Balilecha,781334
Assam,Balisatra,781350
Assam,Balitara,781349
Assam,Balowa,781310
Assam,Bamakhata,781325
Assam,Bamunbari,781312
Assam,Bamunkata,781327
Assam,Bamunkuchi,781326
Assam,Banagram Chowk,781303
Assam,Banagram,781303
Assam,Banbari,781372
Assam,Banekuchi,781340
Assam,Bangaon Nalbari,781375
Assam,Bankubhanga,781319
Assam,Baradi,781314
Assam,Barajol,781369
Assam,Barama,781346
Assam,Baramchari,781355
Assam,Barazara,781334
Assam,Barbala,781316
Assam,Barbang,781325
Assam,Barbari,781351
Assam,Barchakadal,781373
Assam,Bardigheli,781334
Assam,Barengabari,781315
Assam,Barenghati,781350
Assam,Barghol,781302
Assam,Barghopa,781312
Assam,Baridatara,781351
Assam,Barimakha,781333
Assam,Barimukh,781372
Assam,Barkapla,781307
Assam,Barkhanajan,781337
Assam,Barkhopa,781367
Assam,Barkuriha,781348
Assam,Barmazara,781318
Assam,Barnaddi,781303
Assam,Barnagarcollege,781317
Assam,Barnibari,781304
Assam,Barpalli,781314
Assam,Barpeta,781301
Assam,Barpeta Road,781315
Assam,Barpit,781378
Assam,Barsimlaguri,781346
Assam,Bartola,781138
Assam,Baslajan,781308
Assam,Batabari,781326
Assam,Batsar,781303
Assam,Belsor,781304
Assam,Bennabari,781333
Assam,Betbari,781327
Assam,Bhadra,781334
Assam,Bhairaguri,781311
Assam,Bhakuamari,781325
Assam,Bhalaguri,781318
Assam,Bhalukadoba,781317
Assam,Bhaluki,781371
Assam,Bhangnamari,781126
Assam,Bhatkuchi,781314
Assam,Bhella,781309
Assam,Bheraldi,781309
Assam,Bhetua,781325
Assam,Bhogarpar,781309
Assam,Bhogdia,781305
Assam,Bhogpur,781329
Assam,Bhoirarpam,781308
Assam,Bhojkuchi,781378
Assam,Bhotanta,781328
Assam,Bhotantasaderi,781325
Assam,Bhowanipur,781352
Assam,Bidyapur,781335
Assam,Bihampur,781303
Assam,Bilashi Para Bazar,781315
Assam,Bonghugi,781321
Assam,Bonmaza,781304
Assam,Bori,781338
Assam,Budrukuchi,781348
Assam,Burikhamar,781311
Assam,Burinagar,781341
Assam,Byaskuchi,781307
Assam,C Bazar,781317
Assam,Chachaka,781317
Assam,Chaibari,781343
Assam,Chakabusi,781308
Assam,Chamata,781306
Assam,Chanda,781126
Assam,Chandkuchi,781334
Assam,Chandmama,781321
Assam,Chaparbari Bazar,781352
Assam,Charcharia,781319
Assam,Charnabazar,781328
Assam,Chatama,781350
Assam,Chechapani,781360
Assam,Chenga,781305
Assam,Chenglimari,781318
Assam,Chengoi,781337
Assam,Chilling,781369
Assam,Chinadi,781312
Assam,Chowkbazar Nalbari,781334
Assam,Dabaliapara,781316
Assam,Dagapara,781126
Assam,Dahkaunia,781346
Assam,Daisingri,781329
Assam,Dakhingaon,781350
Assam,Dalbari,781333
Assam,Dangarkuchi,781368
Assam,Dangarmakha,781333
Assam,Darangamela,781360
Assam,Darangapara,781360
Assam,Daulasal,781312
Assam,Debachara,781333
Assam,Deharkalakuchi,781310
Assam,Deoldi,781321
Assam,Dhakua,781309
Assam,Dhanbil,781343
Assam,Dharmpur,781308
Assam,Dhekipota,781368
Assam,Dhuhi,781350
Assam,Dighaldonga,781343
Assam,Digheli,781371
Assam,Dihira,781372
Assam,Dirua,781304
Assam,Dongpar,781368
Assam,Doomni,781373
Assam,Dpdeolsdi,781308
Assam,Dubi,781325
Assam,Dumuria,781367
Assam,Duramari,781317
Assam,Erabamundi,781311
Assam,Gahia,781311
Assam,Gajia,781314
Assam,Galia,781352
Assam,Gamurimuri,781306
Assam,Ganakkuchi,781314
Assam,Gandhia,781304
Assam,Gandhibari,781367
Assam,Gandhipur,781327
Assam,Garaimari,781314
Assam,Garamdew,781377
Assam,Garatari,781311
Assam,Gerua,781344
Assam,Geruapara,781355
Assam,Ghilajari,781316
Assam,Ghogpar,781367
Assam,Ghograpar,781369
Assam,Ghugubari,781319
Assam,Gobardhana,781315
Assam,Gobindapur,781326
Assam,Gobradal,781370
Assam,Golagaon,781327
Assam,Golibandha,781375
Assam,Gomafulbari,781302
Assam,Gopalbazar,781353
Assam,Gopalthan,781334
Assam,Guagacha,781313
Assam,Guakuchi,781369
Assam,Gunialguri,781319
Assam,Habidongra Bazar,781308
Assam,Haribhanga,781378
Assam,Hathinapur,781325
Assam,Hatinamati,781337
Assam,Haziragaon,781360
Assam,Helacha,781338
Assam,Helana,781375
Assam,Hidilatari,781138
Assam,Howly,781316
Assam,Hudukhata,781318
Assam,Ishapur,781321
Assam,Jagra,781310
Assam,Jahurpam,781314
Assam,Jalagaon,781373
Assam,Jalahghat,781327
Assam,Jalkhana,781371
Assam,Jalkhana,781378
Assam,Jania,781314
Assam,Janijog,781334
Assam,Japadang,781343
Assam,Jarabari,781314
Assam,Jasihatipara,781316
Assam,Jatradia,781305
Assam,Jaysagar,781126
Assam,K Bari,781330
Assam,Kachubari,781367
Assam,Kachukata,781367
Assam,Kachupathar,781138
Assam,Kadang,781314
Assam,Kadomtola,781308
Assam,Kaithalkuchi,781370
Assam,Kakaya,781304
Assam,Kalag,781351
Assam,Kalahbhanga,781315
Assam,Kalarchar,781312
Assam,Kalaskuchi,781367
Assam,Kalbari,781367
Assam,Kalcheni,781368
Assam,Kalgachia,781319
Assam,Kalipur,781360
Assam,Kaljar,781346
Assam,Kalpani Bazar,781315
Assam,Kamalabari,781307
Assam,Kamalpur,781352
Assam,Kamargaon,781317
Assam,Kamarkuchi,781347
Assam,Kamrupbarkhola,781350
Assam,Kandhbari,781126
Assam,Kapahtolichikni,781321
Assam,Kaplabari,781138
Assam,Karaguri,781307
Assam,Kardoiguri,781318
Assam,Karemura,781355
Assam,Karia,781339
Assam,Katajhar,781315
Assam,Kataligaon,781372
Assam,Kathalbari,781346
Assam,Kathalmurighat,781328
Assam,Kauli,781360
Assam,Kayakuchi Bazar,781352
Assam,Kazipara,781341
Assam,Kekankuchi,781138
Assam,Kendukuchi,781341
Assam,Keotkuchi,781309
Assam,Khablarvitha,781352
Assam,Khairabari,781315
Assam,Khakrisal,781310
Assam,Khangra,781305
Assam,Khardhara,781309
Assam,Kharsitha,781370
Assam,Kharua,781346
Assam,Khatabari,781335
Assam,Khatikuchi,781369
Assam,Khatslpara,781316
Assam,Khgrabari,781344
Assam,Kohitama,781315
Assam,Kokilabari Farm,781330
Assam,Komardaisa,781330
Assam,Kujarpith,781316
Assam,Kukundi,781340
Assam,Kumarikata,781360
Assam,Kurobaha,781352
Assam,Labdanguri Gon,781315
Assam,Lachima,781312
Assam,Lafakuxchi,781377
Assam,Lahkarpara,781350
Assam,Lakhopur,781338
Assam,Langa,781319
Assam,Larkuchi,781138
Assam,Latibari,781368
Assam,Loharkata,781126
Assam,Lowkata,781330
Assam,Lowpara,781126
Assam,Lowtola,781126
Assam,Madhapur,781346
Assam,Mahina,781349
Assam,Mainamata,781315
Assam,Mairajar,781315
Assam,Makhibaha,781374
Assam,Makrikuchi,781305
Assam,Mandia,781308
Assam,Manikpur,781308
Assam,Maripur Anandapur,781329
Assam,Marowa,781348
Assam,Mayanbari,781321
Assam,Mazdia,781367
Assam,Mazgaon,781313
Assam,Medaghat,781355
Assam,Menaka,781360
Assam,Meritary,781126
Assam,Merkuchi,781346
Assam,Mespara,781313
Assam,Milanpur,781337
Assam,Motipur,781372
Assam,Moutupuri,781316
Assam,Mugdi,781312
Assam,Mugkuchi,781334
Assam,Muguria,781325
Assam,Mukalmua,781126
Assam,Muktapur,781344
Assam,Mularkuchi,781303
Assam,Murmela,781346
Assam,Mussalpur,781372
Assam,Nagaon,781309
Assam,Nagaon Bazar,781311
Assam,Nagrijuli,781368
Assam,Naherbari,781349
Assam,Nakhara,781371
Assam,Nakuchi Pathar,781352
Assam,Nalbari,781335
Assam,Naligaon,781352
Assam,Namsala,781307
Assam,Nankarbhaira,781369
Assam,Narayanpur,781126
Assam,Narayanpur,781372
Assam,Narua,781138
Assam,Nasatraphulbari,781307
Assam,Nathkuchi,781355
Assam,Natunhowly,781367
Assam,Nayabasti,781344
Assam,Nichalamari,781349
Assam,Nikashi,781372
Assam,Nimua,781315
Assam,Nirala,781308
Assam,Nityananda,781329
Assam,Niz Bahjani,781334
Assam,Niz Namati,781355
Assam,Niz Rampur,781319
Assam,Nizbahari,781302
Assam,Nizbangalipara,781333
Assam,Nizdafeli,781367
Assam,Nizdhamdhama,781349
Assam,Nizpakoa,781353
Assam,Nizsantipur,781349
Assam,Niztapa,781338
Assam,Odalguri,781325
Assam,Pachim Kajia Gaon,781138
Assam,Pachimchamata,781306
Assam,Pachimjargaon,781367
Assam,Pacim Mazdia,781305
Assam,Paddapar,781367
Assam,Paharpur,781360
Assam,Pahumara,781308
Assam,Paka Bet Bari Pathar,781352
Assam,Pakhamara,781343
Assam,Pakribari,781360
Assam,Palhaji,781309
Assam,Pamuapathar,781372
Assam,Panigaon,781303
Assam,Parakuchi,781307
Assam,Patacharkuchi,781326
Assam,Patbaushi,781314
Assam,Pathartolichatala,781321
Assam,Pathsala,781325
Assam,Patkijuli,781360
Assam,Peradhara,781312
Assam,Piplibari,781338
Assam,Pub Baramchari,781333
Assam,Pubkalakuchi,781348
Assam,Pubrihabari,781329
Assam,Puranbhowanipur,781318
Assam,R B Hat,781309
Assam,Radhakuchi,781309
Assam,Ramaparapam,781308
Assam,Rampur,781377
Assam,Rampur Dekapara,781375
Assam,Rampur Nalbari,781312
Assam,Rangia Bhaithabhangahat,781311
Assam,Raoli,781311
Assam,Raumaripathar,781312
Assam,Raypur,781325
Assam,Rupahi,781318
Assam,Rupia Bathan,781306
Assam,Salbari,781318
Assam,Samuagati,781318
Assam,Sandheli,781353
Assam,Sanekuchi,781350
Assam,Santinagar Barpeta,781314
Assam,Saraimari,781377
Assam,Sarthebari,781307
Assam,Sarumanikpur,781329
Assam,Sarupeta,781318
Assam,Sarutapa,781352
Assam,Satala,781312
Assam,Sathimuka,781355
Assam,Satrakanara Bazar,781308
Assam,Saudarvitha,781318
Assam,Saukuchi,781333
Assam,Saupur,781319
Assam,Sauramari,781350
Assam,Senimari,781305
Assam,Sialmari,781371
Assam,Sidhinathpur,781368
Assam,Simlaguri,781313
Assam,Sitoli,781308
Assam,Solmara,781338
Assam,Sonabari,781321
Assam,Sonafuli,781318
Assam,Sondha,781337
Assam,Sonkuchi,781314
Assam,Sorbhog,781317
Assam,Subankhata,781372
Assam,Sukmanah,781316
Assam,Sukurngbari,781317
Assam,Suliakata,781317
Assam,Sundaridia,781314
Assam,Suradi,781340
Assam,Tambulpur,781367
Assam,Tarakansdi,781321
Assam,Terechia,781334
Assam,Thakurbazar,781301
Assam,Thamna Nalbari,781377
Assam,Thanguri,781333
Assam,Tihu,781371
Assam,Tinpukhuri,781367
Assam,Trbitola,781368
Assam,Tuplaipanbari,781329
Assam,Ulabari,781339
Assam,Ulubari,781367
Assam,Uttarbarsiral,781349
Assam,Uttarkuchi,781372
Assam,Zarkona,781367
Assam,Aradanga,781129
Assam,Chibonga,783124
Assam,Damas,783122
Assam,Jirang,781131
Assam,Mallengkona,783123
Assam,Manikganj,783122
Assam,Mendima,783122
Assam,Patharkhmah,781131
Assam,Pillangkata,781029
Assam,Rajasimla,783134
Assam,Shiliuk,783124
Assam,Tingba,783123
Assam,Tyngher,781129
Assam,Umlapher,782410
Assam,Warmawsaw,781131
Assam,Alikuchi,782106
Assam,Barchala,782106
Assam,Bhomoraguri,782106
Assam,Chabukdhara,782106
Assam,Chatabar,782106
Assam,Garukhuti,782106
Assam,Habibarangabari,782106
Assam,Nagabandha,782106
Assam,Mikirbheta,782106
Assam,Amlighat,782413
Assam,Amguri,782413
Assam,Deosal,782413
Assam,Killing Valley,782413
Assam,Nellie,782413
Assam,Patsari,782413
Assam,Umswar,782413
Assam,Ulukunchi,782413
Assam,Umpanai,782413
Assam,Dillibari,786612
Tripura,Abani Reangpara,799013
Tripura,Abhoyganj Bazar,799155
Tripura,Abhoynagar,799005
Tripura,Agartala Aerodrome,799009
Tripura,Agartala Bazar,799001
Tripura,Agartala College,799004
Tripura,Agartala Court,799001
Tripura,Agartala,799001
Tripura,Agartala ONGC,799014
Tripura,Agartala Secretariat,799010
Tripura,AgartalaGuard Post,799002
Tripura,Amarendranagar,799103
Tripura,Amarpur South Tripura,799101
Tripura,Amlighat,799143
Tripura,Ampinagar,799101
Tripura,Amtali,799130
Tripura,Anandanagar,799004
Tripura,Anandapur South Tripura,799157
Tripura,Aralia,799004
Tripura,Arundhutinagar,799003
Tripura,Ashigarh,799045
Tripura,Atharacord Colony,799045
Tripura,Badharghat,799003
Tripura,Bagabassa,799115
Tripura,Bagafa,799144
Tripura,Bagma ED,799114
Tripura,Bagmara,799103
Tripura,Baikhora,799144
Tripura,Baikunthapur,799211
Tripura,Baishnabpur,799145
Tripura,Baldakhal,799157
Tripura,Balubon,799212
Tripura,Bampur,799101
Tripura,Bamutia,799211
Tripura,Banamalipur,799007
Tripura,Bankumari E SB,799006
Tripura,Barbil,799104
Tripura,Bardwal,799115
Tripura,Barjala,799103
Tripura,Barjala,799002
Tripura,Barkathalia,799211
Tripura,Barpathari,799155
Tripura,Baspadua,799155
Tripura,Battali,799115
Tripura,Bazar Amtali,799105
Tripura,Bejimara,799131
Tripura,Belbari,799045
Tripura,Belonia aerodrome,799155
Tripura,Beloniya,799155
Tripura,Betaga,799144
Tripura,Bhabanipur,799131
Tripura,Bhattapukur,799003
Tripura,Bhuratali,799143
Tripura,Bijoynagar,799145
Tripura,Bijoynagar Bazar,799211
Tripura,Bimangarh,799015
Tripura,Birendranagar,799045
Tripura,Bishalgarh,799102
Tripura,Bishnupur,799143
Tripura,Bishramganj,799103
Tripura,Boalkhali,799104
Tripura,Bodhjungnagar,799210
Tripura,Border Rampur,799002
Tripura,Boxonagar,799102
Tripura,Brahman Puskarini,799210
Tripura,Brajapur,799102
Tripura,Brigudaspara,799045
Tripura,Burakha Landless Colony,799035
Tripura,Chachubazar,799211
Tripura,Chalitacherra,799145
Tripura,Champaknagar,799045
Tripura,Champamura Bazar,799130
Tripura,Chandigarh,799115
Tripura,Chandul,799105
Tripura,Charakbai,799142
Tripura,Charilam,799103
Tripura,Charipara,799003
Tripura,Chechrimile,799103
Tripura,Chechuajamatiabari,799101
Tripura,Chechuria,799210
Tripura,Chellagong,799101
Tripura,Chittamara,799155
Tripura,Chowmouhani,799115
Tripura,Dakshin Chandrapur,799013
Tripura,Dakshin Fulcherri,799143
Tripura,Dakshin Hichacherri,799141
Tripura,Dakshin Maharani,799013
Tripura,Dakshin Manubankul,799143
Tripura,Dakshin Sonaicharri,799155
Tripura,Dakshin taidu,799101
Tripura,Darogamura,799212
Tripura,Debbari,799101
Tripura,Debdaru Bazar,799141
Tripura,Debipur,799155
Tripura,Dhajanagar,799102
Tripura,Dhaleswar,799007
Tripura,Dhanlekha,799101
Tripura,Dhanpur,799131
Tripura,Dhupcherra,799004
Tripura,Dhuptali,799105
Tripura,Dighalia Bazar,799211
Tripura,Dimatali,799157
Tripura,Dinabandhupara,799035
Tripura,Doulbari,799145
Tripura,Dumburnagar,799104
Tripura,Durganagar,799035
Tripura,Durgapur,799131
Tripura,Durjaynagar,799009
Tripura,Durlavnarayan,799115
Tripura,East Bagabassa,799114
Tripura,East Bagafa,799144
Tripura,East Mirza,799105
Tripura,Fatikchhera,799210
Tripura,Fulkumari,799013
Tripura,G B Hospital,799006
Tripura,Gabordi,799004
Tripura,Gabtali,799157
Tripura,Gakulpur,799114
Tripura,Gamakubari,799101
Tripura,Gandhigram,799012
Tripura,Gangacherra,799125
Tripura,Garjanmura,799114
Tripura,Garjee,799125
Tripura,Gazaria,799102
Tripura,Ghorakappa,799104
Tripura,Golaghati,799102
Tripura,Goliraibari,799103
Tripura,Gomti Project,799104
Tripura,Guachand,799143
Tripura,Gurudas Colony,799045
Tripura,Hadra,799105
Tripura,Harbatali,799145
Tripura,Harendranagar T,799210
Tripura,Harina Bazar,799145
Tripura,Harishnagar T E,799102
Tripura,Holakhet,799013
Tripura,Hrishyamukh,799156
Tripura,Ichacherra,799105
Tripura,Indranagar,799006
Tripura,Induria,799131
Tripura,Ishanchandranagar,799003
Tripura,Ishanpur,799212
Tripura,Jaganath Bari Road,799001
Tripura,Jalaya,799104
Tripura,Jalefa Bazar,799145
Tripura,Jamjuri,799013
Tripura,Jampuijala,799102
Tripura,Jampuijala Colony,799102
Tripura,Janmejoynagar,799045
Tripura,Jatrapur,799131
Tripura,Jitendranagar,799105
Tripura,Joalikhamar,799013
Tripura,Jogendranagar,799004
Tripura,Jolaibari,799141
Tripura,Jumerdhepa,799115
Tripura,Kaiyadhepa,799102
Tripura,Kakraban,799105
Tripura,Kalabon,799125
Tripura,Kalacherra T E,799211
Tripura,Kalamcherra,799102
Tripura,Kalashi Bazar,799141
Tripura,Kalasimura,799102
Tripura,Kalikrishnagar,799131
Tripura,Kalkalia,799102
Tripura,Kalkalia T E,799211
Tripura,Kamalasagar,799102
Tripura,Kamalghat,799210
Tripura,Kamalnagar,799131
Tripura,Kamrangatali,799105
Tripura,Kanakraipara,799102
Tripura,Kanchanmala,799130
Tripura,Kanchannagar,799144
Tripura,Karbook,799104
Tripura,Kasari,799150
Tripura,Kathalbagan,799006
Tripura,Kathalcherri,799145
Tripura,Kathalia,799131
Tripura,Kathaliacherra,799144
Tripura,Kemtali,799115
Tripura,Kendraicherra,799102
Tripura,Khas Chowmouhani,799115
Tripura,Khasnoagaon,799008
Tripura,Khayerpur,799008
Tripura,Khedabari,799131
Tripura,Khilpara,799114
Tripura,Killarbazar,799114
Tripura,Kishoreganj,799105
Tripura,Konabon,799102
Tripura,Krishnagar,799002
Tripura,Krishnakishorenagar,799102
Tripura,Kulubari,799131
Tripura,Kunjaban,799006
Tripura,Kunjabon Road,799006
Tripura,Kupilong,799114
Tripura,Kurma,799101
Tripura,Kusumara,799105
Tripura,Kwaifunga,799141
Tripura,Laifunga,799210
Tripura,Lakshipati,799013
Tripura,Lakshmandhepa,799115
Tripura,Lalsingmura,799102
Tripura,Lankamura,799009
Tripura,Latiacherra,799103
Tripura,Laxmicherra,799144
Tripura,Lebacherra,799104
Tripura,Lembucherra,799210
Tripura,Lowgang,799144
Tripura,Ludhua,799145
Tripura,Ludhua Tea Estate,799145
Tripura,Madhabnagar,799156
Tripura,Madhuban,799003
Tripura,Madhuchoudhurypara,799211
Tripura,Madhupur,799102
Tripura,Madhya Pillak,799141
Tripura,Magurcherra,799143
Tripura,Maharani,799013
Tripura,Maheshpur,799131
Tripura,Mahuamillan,799101
Tripura,Majlishpur,799035
Tripura,Malbassa,799101
Tripura,Mandainagar,799045
Tripura,Manikya,799114
Tripura,Manpather,799144
Tripura,Manubazar,799143
Tripura,Mariamnagar,799008
Tripura,Matai,799155
Tripura,Matinagar,799131
Tripura,Mdhabbari,799045
Tripura,Meghlipara,799035
Tripura,Melaghar,799115
Tripura,Mnaipather,799131
Tripura,Mogpuskarini,799105
Tripura,Mohanbhog,799105
Tripura,Mohanpur West Tripura,799211
Tripura,Muhuri Ratanpur,799142
Tripura,Muhuripur,799142
Tripura,Murapara,799013
Tripura,Nabasantiganj Bazar,799102
Tripura,Nabinagar,799102
Tripura,Nagicherra,799004
Tripura,Nagrai,799101
Tripura,Nalchar,799115
Tripura,Nalua,799156
Tripura,Nandannagar,799006
Tripura,Narayanpur,799009
Tripura,Neepco,799008
Tripura,Nidya,799131
Tripura,Nirvaypur,799131
Tripura,NIT Agartala,799046
Tripura,No 2 Chandranagar,799102
Tripura,Noabadi,799045
Tripura,Noagaon Krishnagar,799006
Tripura,Nutannagar,799009
Tripura,Old Agartala,799008
Tripura,Padmanagar,799103
Tripura,Paharpur,799101
Tripura,Paikhola,799125
Tripura,Palatana,799105
Tripura,Palku,799101
Tripura,Pandavpur,799130
Tripura,Paschim Bhubanban,799002
Tripura,Paschim Champamur,799008
Tripura,Paschim Gokulnagar,799130
Tripura,Paschim Mogpuskarini,799105
Tripura,Paschim Noabadi,799008
Tripura,Paschim Paticherri Colony,799125
Tripura,Paschim Pillak,799141
Tripura,Paschim Pipariakhola,799155
Tripura,Pathaliaghat,799103
Tripura,Paticherri,799104
Tripura,Patnipara,799211
Tripura,Pitra Bazar,799114
Tripura,Pravapur,799130
Tripura,Promodenagar,799103
Tripura,Puran Kalibari,799002
Tripura,Puran Rajbari,799157
Tripura,Purathalrajnagar,799102
Tripura,Purba Gokulnagar,799102
Tripura,Purba Laxmi Bill,799102
Tripura,Purba Manikya Dewan,799104
Tripura,Purba Manu,799144
Tripura,Purba Noagaon,799035
Tripura,Purba Pratapgarh,799004
Tripura,Putia,799102
Tripura,Rabindranagar Colony,799131
Tripura,Rachakishoreganj,799144
Tripura,Radhakishorepur,799120
Tripura,Radhamohanpur,799045
Tripura,Radhanagar West Tripura,799153
Tripura,Raima,799104
Tripura,Raiyabari,799114
Tripura,Rajapur,799125
Tripura,Rajarbag,799114
Tripura,Rajnagar Colony,799114
Tripura,Rajnagar South Tripura,799150
Tripura,Ramachandranagar,799008
Tripura,Ramnagar Bazar,799103
Tripura,Ramnagar West Tripura,799002
Tripura,Rangamala Bazar,799103
Tripura,Rangamati,799101
Tripura,Rangamura,799153
Tripura,Rangkhang,799101
Tripura,Rani,799105
Tripura,Ranirbazar,799035
Tripura,Ranirkhamar,799003
Tripura,Rayermura,799130
Tripura,Renters Colony,799004
Tripura,Reshambagan,799008
Tripura,Rohimpur,799102
Tripura,Rokhia G T Project,799102
Tripura,Rudijala,799115
Tripura,Rupaicherri,799145
Tripura,S D Mission Colony,799003
Tripura,Sabroom,799145
Tripura,Sakbari,799141
Tripura,Salbagan,799012
Tripura,Salgara,799114
Tripura,Samarendraganj,799156
Tripura,Samukcherra,799105
Tripura,Sanchindranagar Colony,799045
Tripura,Sankumabari,799102
Tripura,Santirbazar,799144
Tripura,Sarasima,799155
Tripura,Sarbong,799101
Tripura,Satchand,799143
Tripura,Sekerkote,799130
Tripura,Sepahijala,799102
Tripura,Siddhi Ashram,799003
Tripura,Siddhinagar,799157
Tripura,Sidhai,799212
Tripura,Silacharri,799104
Tripura,Silghati,799105
Tripura,Simna,799212
Tripura,Simna Colony,799212
Tripura,Sindukpathar,799143
Tripura,Sonaicherri,799145
Tripura,Sonamani sepaipara,799035
Tripura,Sonamura,799131
Tripura,Sonaram Bazar,799212
Tripura,South Bharat Ch Nagar,799155
Tripura,South Charilam,799103
Tripura,South Krishnagar,799156
Tripura,South Nehalchandranagar,799102
Tripura,South srirampur,799157
Tripura,Srinagar,799143
Tripura,Srinagar Kacharipara,799004
Tripura,Subalsing,799211
Tripura,Subashnagar,799155
Tripura,Suknacherri,799104
Tripura,Sundartilla,799212
Tripura,Sutarmura,799102
Tripura,Taibandal,799105
Tripura,Taidubari,799101
Tripura,Tainani,799125
Tripura,Takarjala,799102
Tripura,Takmacherra,799125
Tripura,Taranagar,799211
Tripura,Tarapur,799211
Tripura,Tebaria,799015
Tripura,Tekkatulsi,799143
Tripura,Tekshapara,799103
Tripura,Telkajla,799115
Tripura,Tepania,799114
Tripura,Thakurcherra,799141
Tripura,Thamakari,799211
Tripura,Thelakum,799114
Tripura,Tirthamukh,799104
Tripura,Town pratapgarh,799004
Tripura,Town Rampur,799002
Tripura,Tripura University,799022
Tripura,Tripureswari Colony,799013
Tripura,Tuichama,799104
Tripura,Ujan Ghaniamara,799102
Tripura,Upendranagar,799105
Tripura,Urmai,799115
Tripura,Urrat Takmacherra,799144
Tripura,Uttar Bharat Ch Nagar,799155
Tripura,Uttar Brojendranagar,799114
Tripura,Uttar Chellagonj,799104
Tripura,Uttar Dasgharia,799212
Tripura,Uttar debendranagar,799211
Tripura,Uttar Debipur,799144
Tripura,Uttar Sonaicherri,799155
Tripura,Veluarchar,799102
Tripura,Viveknagar,799130
Tripura,Wakinagar,799035
Tripura,West Laxmibill,799102
Tripura,West Nalchar,799115
Tripura,Abhanga,799286
Tripura,Agagartilla,799201
Tripura,Agnipassa,799260
Tripura,Algapur,799253
Tripura,Ambassa,799289
Tripura,Amtilla,799261
Tripura,Anandabazar,799271
Tripura,Andharcherra,799263
Tripura,Apareshkar,799286
Tripura,Asharambari,799201
Tripura,Ataromura,799205
Tripura,Baburbazar,799281
Tripura,Bachaibari,799201
Tripura,Bagaicherri,799285
Tripura,Bagbassa,799253
Tripura,Baijalbari,799207
Tripura,Baithangbari,799254
Tripura,Bakbaki,799251
Tripura,Balarambazar,799204
Tripura,Balehar,799280
Tripura,Balicherra,799262
Tripura,Balidhum,799254
Tripura,Baligaon,799285
Tripura,Bamancherra,799286
Tripura,Banbazar,799201
Tripura,Baralutma,799286
Tripura,Barhaldi,799271
Tripura,Barmaidan Bazar,799203
Tripura,Barmura Project,799205
Tripura,Baruakandi,799251
Tripura,Bdelchedrra,799201
Tripura,Behalabari,799201
Tripura,Belianchief,799269
Tripura,Betcherra,799266
Tripura,Bhadrapally,799277
Tripura,Bhagabannagar,799279
Tripura,Bhagirathpara,799284
Tripura,Bhagyapur,799251
Tripura,Bharatsardarbari,799207
Tripura,Bhatisonaimuri,799264
Tripura,Bilthai,799260
Tripura,Bindulal Karbaripara,799273
Tripura,Birchandranagar,799280
Tripura,Brahmacherra,799205
Tripura,Brajendranagar,799261
Tripura,Bullongbassa,799284
Tripura,Chailengta,799273
Tripura,Chakmaghat,799205
Tripura,Champahaor,799201
Tripura,Chandipur,799277
Tripura,Chandraipara,799289
Tripura,Chandrapur North Tripura,799251
Tripura,Chankhala,799207
Tripura,Chantail,799279
Tripura,Chawmanu,799273
Tripura,Chebri,799207
Tripura,Chengkap,799286
Tripura,Chinibagan,799279
Tripura,Chotosarma,799285
Tripura,Churaibari,799262
Tripura,Dakshin Promode L L Colony,799203
Tripura,Dalapatipara,799284
Tripura,Dalugaon,799280
Tripura,Darchai,799264
Tripura,Dasdabazar,799271
Tripura,Demchedrra Colony,799275
Tripura,Dengdung,799288
Tripura,Deocherra,799260
Tripura,Deora Cherra,799279
Tripura,Dewanpassa,799254
Tripura,Dhanbilash,799280
Tripura,Dhanicherra,799263
Tripura,Dharmanagar Bazar,799253
Tripura,Dharmanagar College,799253
Tripura,Dharmanagar,799250
Tripura,Dhumacherra,799275
Tripura,Dhupirbond,799253
Tripura,Dighalbak,799251
Tripura,Dudhpur,799288
Tripura,Durgacherra,799273
Tripura,Durgapur,799203
Tripura,Dwarikapur,799203
Tripura,East Bachaibari,799201
Tripura,East Huruah,799253
Tripura,East Kamesawar,799253
Tripura,East Kanchanbari,799264
Tripura,East Masli,799275
Tripura,Emrapassa,799290
Tripura,Fatikcherra,799290
Tripura,Fatikroy,799290
Tripura,Fulbari,799262
Tripura,Fulcherri,799285
Tripura,Fultali,799280
Tripura,Gakulbari,799201
Tripura,Gakulnagar,799290
Tripura,Ganganagar,799290
Tripura,Ganganagar Tribalcolony,799289
Tripura,Ganki,799201
Tripura,Garchirampara,799271
Tripura,Garodtilla,799285
Tripura,Ghilatali,799203
Tripura,Gobindapur,799251
Tripura,Golabari,799205
Tripura,Goldharpur,799279
Tripura,Gouranga Tilla,799207
Tripura,Gournagar,799279
Tripura,Govidabari,799263
Tripura,Gulakpur T E,799277
Tripura,Hadrai,799205
Tripura,Halahali,799286
Tripura,Halflongcherra,799254
Tripura,Harincherra,799289
Tripura,Hiracherra,799281
Tripura,Hmungchuan,799269
Tripura,Hmunpui,799269
Tripura,Howaibari,799205
Tripura,Huruah,799251
Tripura,Ichabpur,799277
Tripura,Ichailalcherra,799251
Tripura,Ichaisonapur,799251
Tripura,Indurail,799260
Tripura,Irani,799281
Tripura,Jagabandhu Para,799284
Tripura,Jagannathpur,799280
Tripura,Jalabazar,799260
Tripura,Jalebassa,799260
Tripura,Jampui,799269
Tripura,Jamthing,799286
Tripura,Janata College,799260
Tripura,Jarulcherra,799275
Tripura,Joyasree,799270
Tripura,Jubarajnagar,799254
Tripura,Juri R F,799260
Tripura,Kacharicherra,799256
Tripura,Kachucherra,799278
Tripura,Kadamtala North Tripura,799261
Tripura,Kailashahar Air Port,799279
Tripura,Kailashahar,799277
Tripura,Kakrirpar,799253
Tripura,Kalacherra,799251
Tripura,Kalagangar Par,799261
Tripura,Kalagong,799269
Tripura,Kalapania,799271
Tripura,Kalishahan,799277
Tripura,Kalitilla,799205
Tripura,Kalyanpur West Tripura,799203
Tripura,Kalyanpur T E,799203
Tripura,Kamalacherra,799289
Tripura,Kamalpur Aerodrome,799287
Tripura,Kamalpur Bazar,799285
Tripura,Kamalpur Dhalai,799285
Tripura,Kameswargaon,799253
Tripura,Kanchanbari,799288
Tripura,Kanchancherra,799266
Tripura,Kanchanpur Colony,799289
Tripura,Kanchanpur North Tripura,799270
Tripura,Kangrai,799269
Tripura,Karaicherra,799263
Tripura,Karailong,799205
Tripura,Karamcherra,799266
Tripura,Karatichesdrra,799275
Tripura,Karingicherra,799201
Tripura,Karnamunipara,799289
Tripura,Katalutma,799286
Tripura,Khasiamangal,799205
Tripura,Khedacherra,799256
Tripura,Kheranjuri,799262
Tripura,Khowai Court,799202
Tripura,Khowai,799201
Tripura,Khowai T E,799201
Tripura,Kirtantali,799279
Tripura,Krishnapur,799253
Tripura,Krishnatilla,799263
Tripura,Kuchainala,799287
Tripura,Kulaibazar,799204
Tripura,Kumarghat,799264
Tripura,Kurit,799261
Tripura,Lakraichowdhuripara,799289
Tripura,Lalcherra Colony,799253
Tripura,Laldingabari,799273
Tripura,Laljuri,799270
Tripura,Laljuri East,799288
Tripura,Latiapur,799281
Tripura,Laxmipur,799284
Tripura,Longtharai,799275
Tripura,Machmara,799263
Tripura,Maharani Bus Stop,799278
Tripura,Maharanipur,799205
Tripura,Maigonga,799205
Tripura,Mainerma,799275
Tripura,Manikbhander,799287
Tripura,Manikpur,799273
Tripura,Manughat,799275
Tripura,Manuvelly,799277
Tripura,Maracherra,799285
Tripura,Masauli,799288
Tripura,Maslicherra,799275
Tripura,Mechuria,799278
Tripura,Mendihaor,799278
Tripura,Moharcherra,799203
Tripura,Mongtukupara,799205
Tripura,Nabakumar Rankhal Para,799205
Tripura,Nabincherra,799263
Tripura,Nagbangshi,799287
Tripura,Nalicherra,799204
Tripura,Nalkata,799263
Tripura,Narendranagar,799256
Tripura,Natinmanu,799273
Tripura,Nayapara N D,799251
Tripura,Nepaltilla,799288
Tripura,Netajinagar,799205
Tripura,Noagaon Bazar,799290
Tripura,Noagoan,799285
Tripura,Noorpur,799277
Tripura,North Padmabil,799260
Tripura,Notting Chedrra,799264
Tripura,Nunacherra,799205
Tripura,Pabiacherra,799264
Tripura,Padmabil,799260
Tripura,Padmapur,799253
Tripura,Paglabari,799207
Tripura,Paharmora,799201
Tripura,Paiturbazar,799279
Tripura,Panichowkibazar,799277
Tripura,Panisagar,799260
Tripura,Paschim Belcherra,799201
Tripura,Paschim Dalucherra,799278
Tripura,Paschim Kalyanpur,799203
Tripura,Paschim Kunjaban,799203
Tripura,Paschim Laxmicherra,799201
Tripura,Paschim Radhapur,799254
Tripura,Paschim Santinagar,799203
Tripura,Paschimchandrapur,799251
Tripura,Paschimratacherra,799290
Tripura,Pearacherra,799261
Tripura,Pechardahar,799280
Tripura,Pecharthal,799263
Tripura,Pekucherr,799260
Tripura,Phuldengsai,799269
Tripura,Piplacherra,799256
Tripura,Pratyekroy,799251
Tripura,Premtala,799261
Tripura,Purba Betcherra,799266
Tripura,Radhapur,799253
Tripura,Raghna,799251
Tripura,Rahumcherra,799260
Tripura,Rajbari,799253
Tripura,Rajkandi,799290
Tripura,Rajnagar Khowai,799207
Tripura,Rajnagar Laxmipur,799254
Tripura,Rakhalgang,799261
Tripura,Ramchandraghat,799207
Tripura,Ramdayal Lendless Colony,799203
Tripura,Ramdurlavpur,799285
Tripura,Ramgunapara,799263
Tripura,Rangauti,799281
Tripura,Rangrung,799277
Tripura,Ranibari,799261
Tripura,Ranipukur,799284
Tripura,Ratacherra,799290
Tripura,Ratanpurbazar,799201
Tripura,Ratia,799203
Tripura,Rowabazar,799260
Tripura,Rupacherra,799205
Tripura,Sabual,799269
Tripura,Sadhanasram,799277
Tripura,Saidarpar,799290
Tripura,Sailo,799269
Tripura,Sakaibari,799251
Tripura,Sakhan Serhmun,799271
Tripura,Salema,799278
Tripura,Samatal Padmabil,799201
Tripura,Samrurpar,799277
Tripura,Sanicherra,799262
Tripura,Sarala,799261
Tripura,Sarma,799284
Tripura,Satnala,799270
Tripura,Sayedabari,799264
Tripura,Sibnagar,799270
Tripura,Sikaribari,799289
Tripura,Sindhukumarpara,799275
Tripura,Singibill,799285
Tripura,Singicherra,799201
Tripura,Sonamukhi North Tripura,799280
Tripura,Sonarurbassa,799251
Tripura,Sonatala,799207
Tripura,South Ganganagar,799253
Tripura,South Unokoti,799264
Tripura,Sreerampur,799277
Tripura,Srirampur Lambucherra,799287
Tripura,Subashpark,799201
Tripura,Suknacherra,799270
Tripura,Tablabari,799203
Tripura,Tachai,799277
Tripura,Tapaspalli,799277
Tripura,Tarakpur,799261
Tripura,Taraninagar,799288
Tripura,Tarapur,799290
Tripura,Teghari,799290
Tripura,Teliamura,799205
Tripura,Thana Road,799251
Tripura,Tilthai,799260
Tripura,Tilthai Nutanbazar,799260
Tripura,Tlangsang,799269
Tripura,Tripura Damcherra,799256
Tripura,Tripura Ganganagar,799253
Tripura,Tripura Tillabazar,799281
Tripura,Tuichama,799271
Tripura,Ugalcherra,799263
Tripura,Ujan Dodhpur,799288
Tripura,Ujan Sailenbari,799260
Tripura,Uptakhali,799260
Tripura,Uttar Gakulnagar,799205
Tripura,Uttar Radhanagar,799290
Tripura,Uttarchebri,799207
Tripura,Uttat Pulinpur,799203
Tripura,West Nalkata,799266
Tripura,West Panisagar,799260
Tripura,Zaithang,799253
Tripura,Zarultali,799279
Tripura,Bhabanipur,799132
Tripura,Jatrapur,799132
Tripura,Kalikrishnagar,799132
Tripura,Maheshpur,799132
Tripura,Mnaipather,799132
Tripura,Nidya,799132
Tripura,Nirvaypur,799132
Tripura,Kathalia,799132
Nagaland,Aghunato,798620
Nagaland,Agri College,797106
Nagaland,Aitepyong,797100
Nagaland,Aizuto,798619
Nagaland,Akhegwo,797114
Nagaland,Akuhaito,798619
Nagaland,Akuluto,798619
Nagaland,Alichen,798601
Nagaland,Alungkima,798604
Nagaland,Alungtaki,798604
Nagaland,Amahatore,798611
Nagaland,Anatongere,798611
Nagaland,Angangba,798616
Nagaland,Angphang,798603
Nagaland,Aolijen,798601
Nagaland,Aoyimti,797115
Nagaland,Arree Old,798601
Nagaland,Artc,797115
Nagaland,Asangma,798618
Nagaland,Asukhomi,798620
Nagaland,Asukika,797109
Nagaland,Asukuto,798619
Nagaland,Asuto,798620
Nagaland,Athibung,797110
Nagaland,Atoizu,798620
Nagaland,Baghty,797111
Nagaland,Barakangtsung,798618
Nagaland,Baranamsang,798622
Nagaland,Bhandari,797111
Nagaland,Bhandari,797099
Nagaland,Bongkholong,797110
Nagaland,Botsa,797105
Nagaland,Chakhabama,797003
Nagaland,Champang,798603
Nagaland,Changki,798601
Nagaland,Chantongia,798613
Nagaland,Chare,798601
Nagaland,Chatashi,797109
Nagaland,Chedema,797003
Nagaland,Chengloisho,798603
Nagaland,Chenwetnyu,798603
Nagaland,Chessore,798612
Nagaland,Chetheba,797104
Nagaland,Chiechama,797105
Nagaland,Chiephobozou,797105
Nagaland,Chimonger,798616
Nagaland,Chingkao,798603
Nagaland,Chinglong,798603
Nagaland,Chingmei,798612
Nagaland,Chizami,797102
Nagaland,Chizami Village,797102
Nagaland,Choklangan,798626
Nagaland,Chozuba,797104
Nagaland,Chuchuyimlang,798614
Nagaland,Chui,798621
Nagaland,Chukitong,797111
Nagaland,Chumukedima,797103
Nagaland,Chungtia,798601
Nagaland,Chungtia Yimsen,798604
Nagaland,Chungtore,798616
Nagaland,Ciesema,797003
Nagaland,Circular Road,797117
Nagaland,Daroga Pathar,797115
Nagaland,Dihoma,797003
Nagaland,Dimapur Bazar,797116
Nagaland,Dimapur,797112
Nagaland,Diphupar,797115
Nagaland,Doyang Hydel Project,797100
Nagaland,Doyapur,797112
Nagaland,Duncan Basti,797113
Nagaland,Dzulhami,797104
Nagaland,Elumnyu,797111
Nagaland,Englan,797111
Nagaland,Eralibill,797115
Nagaland,Fazl Ali College,798601
Nagaland,Gaili,797110
Nagaland,Ghathashi,797109
Nagaland,Hening Kunglwa,797112
Nagaland,High School Junction,797121
Nagaland,Hosephu,798620
Nagaland,Huker,798612
Nagaland,Hukpang,798625
Nagaland,Humtsu,797111
Nagaland,Hutsu,797114
Nagaland,Impur,798615
Nagaland,Industrial Estate,797113
Nagaland,Jakhama,797005
Nagaland,Jakpang,798603
Nagaland,Jalukie B,797110
Nagaland,Jalukiekam,797112
Nagaland,Jharnapani,797106
Nagaland,Jotsoma,797002
Nagaland,Kedima,797003
Nagaland,Ketsapo,797108
Nagaland,Khaibung,797106
Nagaland,Khari,798604
Nagaland,Khehekhu,797116
Nagaland,Khelma,797110
Nagaland,Khensa,798617
Nagaland,Khermahal,797112
Nagaland,Khezhakeno,797107
Nagaland,Khonoma,797002
Nagaland,Khopoanaula,797103
Nagaland,Khuzama,797005
Nagaland,Khuzami,797108
Nagaland,Kichilimi,798620
Nagaland,Kigwema,797005
Nagaland,Kikruma,797107
Nagaland,Kilomi,797104
Nagaland,Kiphire,798611
Nagaland,Kisethong,798611
Nagaland,Kizocha,797003
Nagaland,Kohima,797001
Nagaland,Kohima PWD,797005
Nagaland,Kohima Science College,797002
Nagaland,Kohima Village,797003
Nagaland,Kongon,798622
Nagaland,Kongsang,798616
Nagaland,Kontsunyu,797109
Nagaland,Kubulong,798615
Nagaland,Kubza,798601
Nagaland,Kuda,797112
Nagaland,Kuhuboto,797116
Nagaland,Kushiabill,797116
Nagaland,Kuthur,798612
Nagaland,Lalmati,797005
Nagaland,Lazami,797109
Nagaland,Lengrijan,797113
Nagaland,Lephori,797114
Nagaland,Lilen,797110
Nagaland,Longchang,798615
Nagaland,Longchem,798604
Nagaland,Longching,798603
Nagaland,Longkhim,798616
Nagaland,Longkhum,798601
Nagaland,Longkong,798614
Nagaland,Longleng,798625
Nagaland,Longmatra,798611
Nagaland,Longmisa,798601
Nagaland,Longnak,798604
Nagaland,Longpong Senghe,798621
Nagaland,Longsa,798601
Nagaland,Longtsung,797100
Nagaland,Longwa,798621
Nagaland,Losami,797108
Nagaland,Lotsu,797100
Nagaland,Lumami,798627
Nagaland,Luyang Valley,798618
Nagaland,Luzaphuhu,797108
Nagaland,Mangmentong,798601
Nagaland,Maova,797106
Nagaland,Mbaulwa,797101
Nagaland,Medziphema,797106
Nagaland,Mekhukla,797111
Nagaland,Meluri,797114
Nagaland,Merangkong,798613
Nagaland,Mesolumi,797107
Nagaland,Mezoma,797002
Nagaland,Mhainamtsi,797110
Nagaland,Middle Khomi,797102
Nagaland,Mima,797005
Nagaland,Mishilimi,797105
Nagaland,Moaikam,797103
Nagaland,Moilan,797100
Nagaland,Mokokchung,798601
Nagaland,Molungkhimong,798618
Nagaland,Molungyimsen,798618
Nagaland,Molvom,797106
Nagaland,Mon,798621
Nagaland,Mongchen,798604
Nagaland,Mongkholemba,798604
Nagaland,Mongsenyimti,798614
Nagaland,Monyakshu,798603
Nagaland,Moya,798611
Nagaland,N Longidong,797111
Nagaland,N E H U,797004
Nagaland,N Song,797101
Nagaland,Naginimora,798622
Nagaland,Namsa,798602
Nagaland,Nchongram,797101
Nagaland,New Jalukie,797110
Nagaland,New Nepaligaon,797113
Nagaland,New Sectt Complex,797004
Nagaland,Nian,798625
Nagaland,Nihekhu,797103
Nagaland,Nisenyu,797109
Nagaland,Nokhu,798626
Nagaland,Noklak,798626
Nagaland,Noksen,798616
Nagaland,Nst Colony,798601
Nagaland,Nst Colony,797113
Nagaland,Nuiland,797112
Nagaland,Nyiro,797111
Nagaland,Nyishunyu,797109
Nagaland,Old Phek,797108
Nagaland,Opangkong,798617
Nagaland,P C College,797103
Nagaland,P R Hill,797120
Nagaland,Padampukhuri,797116
Nagaland,Pangsha,798626
Nagaland,Pangti,797100
Nagaland,Panso,798612
Nagaland,Paper Nagar,798623
Nagaland,Peren,797101
Nagaland,Pessao,798603
Nagaland,Pessu,798626
Nagaland,Pfutsero,797107
Nagaland,Phaipijan,797112
Nagaland,Phalonger,798611
Nagaland,Phangsang,798613
Nagaland,Phek,797108
Nagaland,Phenshunyu,797109
Nagaland,Phenwhenyu,797109
Nagaland,Pherima,797106
Nagaland,Phesachuduma,797107
Nagaland,Phesama,797005
Nagaland,Phisami,798620
Nagaland,Phomching,798625
Nagaland,Phugwu,797104
Nagaland,Pimla,797103
Nagaland,Piphima,797106
Nagaland,Poilwa,797002
Nagaland,Pokhpur,798611
Nagaland,Pongitong,797111
Nagaland,Pongkong,798621
Nagaland,Porba,797107
Nagaland,Pughoboto,797109
Nagaland,Pungkhuri,797114
Nagaland,Punglwa,797106
Nagaland,Pungro,798611
Nagaland,Pwd Colony,797117
Nagaland,Ralan,797112
Nagaland,Rangapahar,797117
Nagaland,Razaphima,797112
Nagaland,Runguzumi,797104
Nagaland,Rusoma,797003
Nagaland,S E Colony,798601
Nagaland,Saghemi,798620
Nagaland,Sakchi,798625
Nagaland,Sakraba,797107
Nagaland,Salulamang,798614
Nagaland,Samjiuram,797110
Nagaland,Sanglao,798626
Nagaland,Sangsanyu,798612
Nagaland,Sanis,797100
Nagaland,Saramati,798612
Nagaland,Satakha,798620
Nagaland,Satami,798620
Nagaland,Satoi,798620
Nagaland,Sendenyu,797109
Nagaland,Seyochang,798611
Nagaland,Shamator,798612
Nagaland,Shampur,798612
Nagaland,Shiponger,798612
Nagaland,Showba Old,797115
Nagaland,Signal Village,797118
Nagaland,Sikur,798611
Nagaland,Singal Village,797117
Nagaland,Singha Chingnyu,798621
Nagaland,Singrijan,797112
Nagaland,Singrup,798611
Nagaland,Sirhima,797106
Nagaland,Sitimi,798611
Nagaland,Sotokur,798612
Nagaland,Suger Mill,797115
Nagaland,Sukhovi,797115
Nagaland,Sungratsu,798615
Nagaland,Sungro,797100
Nagaland,Suruhuto,798620
Nagaland,Surumi,798620
Nagaland,Tamlu,798618
Nagaland,Tang,798621
Nagaland,Tekhouba,797107
Nagaland,Tening,797101
Nagaland,Tenyiphe,797103
Nagaland,Tesophenyu,797109
Nagaland,Thahekhu,797117
Nagaland,Thechulumi,797102
Nagaland,Thenizumi,797104
Nagaland,Thipuzumi,797107
Nagaland,Thizama,797004
Nagaland,Thonokhunyu,798612
Nagaland,Thvophisumi,797104
Nagaland,Tizit,798602
Nagaland,Tobu,798603
Nagaland,Tokiye,798620
Nagaland,Totak,798621
Nagaland,Tronger,798601
Nagaland,Tseminyu Old Town,797109
Nagaland,Tseminyu,797109
Nagaland,Tsosesunyu,797109
Nagaland,Tsungtsutong,797111
Nagaland,Tuensang,798612
Nagaland,Tuensang Village,798612
Nagaland,Tuli,798618
Nagaland,Tuophema,797105
Nagaland,Ukha,798603
Nagaland,Ungar,798614
Nagaland,Ungma,798601
Nagaland,V K Town,798601
Nagaland,Vihokhu,797116
Nagaland,Viswema,797005
Nagaland,Wakching,798622
Nagaland,Wamaken,798618
Nagaland,Waromung,798604
Nagaland,Waunching,798621
Nagaland,Wazhiho,797114
Nagaland,Wokha,797111
Nagaland,Wokha Village,797111
Nagaland,Wozhru,797111
Nagaland,Yachem,798625
Nagaland,Yamhon,797100
Nagaland,Yampha,797112
Nagaland,Yangli,798616
Nagaland,Yannu,798602
Nagaland,Yaongyimsen,798613
Nagaland,Yaribami,797104
Nagaland,Yikhum,797111
Nagaland,Yisemyong,798614
Nagaland,Yongyak,798625
Nagaland,Zaboka,798602
Nagaland,Zaketsa,797107
Nagaland,Zalukie,797110
Nagaland,Zangkham,798602
Nagaland,Zavame,797107
Nagaland,Zeliangrong,797117
Nagaland,Zephenyu,797109
Nagaland,Zhadima,797105
Nagaland,Zhamai,797107
Nagaland,Zubza,797005
Nagaland,Zunheboto,798620
Nagaland,Tzudikong,798623
Manipur,Ahallup,795002
Manipur,Aibulon,795143
Manipur,Aigejang,795102
Manipur,Aimol Kodamphai,795135
Manipur,Aina,795128
Manipur,Akhui,795141
Manipur,Anal Khullen,795102
Manipur,Andro,795149
Manipur,Angbrashu,795135
Manipur,Angtha,795149
Manipur,Arapyi,795130
Manipur,Arong,795132
Manipur,Arong Nongmaikhong,795103
Manipur,Ashi,795145
Manipur,Atang Khunou,795125
Manipur,Atengba,795141
Manipur,Athokpam,795138
Manipur,Athokpam Khunou,795138
Manipur,Awang Konmgpal,795005
Manipur,Awang Leikinthabi,795136
Manipur,Awangjiri,795134
Manipur,Awangkhul,795159
Manipur,Awangpotshangbam,795002
Manipur,Behiang,795139
Manipur,Bengoon Maning Leikai,795132
Manipur,Bhalok,795141
Manipur,Bidyanagar,795115
Manipur,Bishnupur Bishnupur,795126
Manipur,Bitrarakhong,795009
Manipur,Bongajang,795131
Manipur,Bongbal Khullen,795149
Manipur,Bongjoi,795131
Manipur,Bongli,795135
Manipur,Bongmun,795116
Manipur,Bongoijang,795141
Manipur,Borobekra,795116
Manipur,Boroyangbi,795133
Manipur,BR Colony,795115
Manipur,Bukpi,795143
Manipur,Bunglon,795133
Manipur,Bunglong,795118
Manipur,Bungmual,795128
Manipur,Bungpilon,795143
Manipur,Bungte Chiru,795134
Manipur,Canchipur T C D,795003
Manipur,Central Agriculture University,795004
Manipur,Ch Khongnangpokpi,795136
Manipur,Chabung Company,795132
Manipur,Chadong,795145
Manipur,Chairen,795101
Manipur,Chaiton,795125
Manipur,Chajing Pt II,795130
Manipur,Chakpikarong,795102
Manipur,Chalwa P,795112
Manipur,Champanagar,795116
Manipur,Chamu,795142
Manipur,Chandel,795127
Manipur,Chandraman,795122
Manipur,Changamdabi,795149
Manipur,Charangpat,795138
Manipur,Charoi Khullel,795124
Manipur,Charoi Tupul,795159
Manipur,Chassad,795145
Manipur,Chaton,795135
Manipur,Chawanamei,795104
Manipur,Chehjang,795128
Manipur,Chelhep,795135
Manipur,Cheljang,795112
Manipur,Chenpal,795131
Manipur,Cherapur,795148
Manipur,Chingai P,795142
Manipur,Chingai Khullen,795104
Manipur,Chingjaroiedbo,795142
Manipur,Chingkonpang,795128
Manipur,Chingmang,795010
Manipur,Chingmun,795116
Manipur,Chirai Muslim,795132
Manipur,Chither P,795142
Manipur,Chongmun,795147
Manipur,Chothemunpi,795128
Manipur,Christan Centre Haochong,795146
Manipur,Churachandpur,795128
Manipur,CRPF Camp Langjing,795113
Manipur,D M College,795001
Manipur,Dailong,795141
Manipur,Dolaithabi,795114
Manipur,Dolang,795126
Manipur,Dolang,795118
Manipur,Dolang Khunou,795126
Manipur,Dopkon,795133
Manipur,Dullen T C D,795125
Manipur,Duthang,795127
Manipur,Elangkhangpokpi,795103
Manipur,Ethai Bazar,795133
Manipur,Galam,795118
Manipur,Gamphajal,795131
Manipur,Ganel,795112
Manipur,Gangpijang,795118
Manipur,Geljaing,795128
Manipur,Gelmol,795133
Manipur,Gobok,795102
Manipur,Grihang,795145
Manipur,Gularthol,795115
Manipur,Haipi,795122
Manipur,Hamkeilon,795128
Manipur,Hanship,795143
Manipur,Haochong,795159
Manipur,Haokha,795138
Manipur,Haokhongching,795149
Manipur,Haorang Kairel,795113
Manipur,Haoreibi,795009
Manipur,Haoreibi Mayai Leikai,795130
Manipur,Haotak Khullen,795126
Manipur,Haotakphailen,795133
Manipur,Haraorou,795114
Manipur,Heibong Makhong,795132
Manipur,Heibongpokpi,795146
Manipur,Heikrujam,795134
Manipur,Heingang,795002
Manipur,Heinganglok,795149
Manipur,Heinoumakhong,795130
Manipur,Heinoumakhong,795010
Manipur,Heirok Part 2,795148
Manipur,Hengbung,795129
Manipur,Henglep,795128
Manipur,Hengtam,795139
Manipur,Herok Part 1,795148
Manipur,Hivanalam,795103
Manipur,Hiyangthang,795009
Manipur,Huidrom,795010
Manipur,Huime,795144
Manipur,Huining,795142
Manipur,Hulkap,795149
Manipur,Hundung,795142
Manipur,Ichaigojang,795118
Manipur,Ijairong,795146
Manipur,Illong,795125
Manipur,Imphal Bazar,795001
Manipur,Imphal,795001
Manipur,Irang,795112
Manipur,Irengbam,795134
Manipur,Irengnaga,795146
Manipur,Irilbung,795008
Manipur,Iroisemaba,795004
Manipur,Irom Meijrao,795009
Manipur,Irong Chessabal,795132
Manipur,Irong Tangkhul,795149
Manipur,Irong Thokchom T C D,795138
Manipur,Irong Umang Khunou,795132
Manipur,Isok,795134
Manipur,J Phaijang,795107
Manipur,Jakurdhar,795116
Manipur,Jampii T C D,795125
Manipur,Jangnoi,795118
Manipur,Jessami Edno,795142
Manipur,Jiban Nager,795124
Manipur,Jiribam Bazar,795116
Manipur,Jul Bangching,795101
Manipur,K M College,795103
Manipur,K Molnam,795101
Manipur,Kabowakching,795134
Manipur,Kachal,795144
Manipur,Kadi,795125
Manipur,Kagai,795142
Manipur,Kahulong,795141
Manipur,Kaibi,795104
Manipur,Kairang Litan Makhong,795114
Manipur,Kakching Khunou,795103
Manipur,Kakching,795103
Manipur,Kalapahar,795122
Manipur,Kalikalok,795103
Manipur,Kambang Khunou,795135
Manipur,Kambiron,795147
Manipur,Kameng Kakching,795010
Manipur,Kamong,795134
Manipur,Kamu Tampak,795149
Manipur,Kamu Tongam,795149
Manipur,Kamuching,795149
Manipur,Kangathei,795133
Manipur,Kangchup Chiru,795146
Manipur,Kangchup Hill P,795146
Manipur,Kangchup Makhong,795146
Manipur,Kangkap,795139
Manipur,Kanglatongbi,795136
Manipur,Kangpokpi Mission,795129
Manipur,Kangpokpi,795129
Manipur,Kangvai Bazar,795128
Manipur,Karakhul,795002
Manipur,Karam Vaiphei,795146
Manipur,Karong,795007
Manipur,Karongthel,795148
Manipur,Kasanlong,795125
Manipur,Kashimpur,795115
Manipur,Kasom Khullen,795149
Manipur,Keibung Mamang,795138
Manipur,Keikao,795141
Manipur,Keimai,795115
Manipur,Keinou,795134
Manipur,Keirak,795103
Manipur,Keirao Bitra Salam,795008
Manipur,Keirao Makting,795008
Manipur,Keirao Wangkhem,795008
Manipur,Keithelmanbi,795122
Manipur,Kh Jaikhan,795116
Manipur,Khabi,795134
Manipur,Khajang,795143
Manipur,Khamasom,795142
Manipur,Khambathel,795101
Manipur,Khamnam Bazar,795113
Manipur,Khangabok,795138
Manipur,Khangakhul,795113
Manipur,Khangbaram,795135
Manipur,Khanpi,795128
Manipur,Kharasom,795142
Manipur,Kharou Khullen,795135
Manipur,Khathinunggei,795133
Manipur,Khayang,795142
Manipur,Kheijang,795122
Manipur,Khekmanedbo,795138
Manipur,Khelakhong,795132
Manipur,Khengjoi,795102
Manipur,Khoibu,795135
Manipur,Khoijuman,795126
Manipur,Khoirentak,795133
Manipur,Khoirom,795149
Manipur,Khongangpheidekpi,795008
Manipur,Khongbal Tangkhul,795114
Manipur,Khongbung,795126
Manipur,Khongdei Simphung,795144
Manipur,Khonghampat,795002
Manipur,Khongjaron,795141
Manipur,Khongjaron Khunthak,795141
Manipur,Khongjom,795148
Manipur,Khonglou Vaiphei T C D,795149
Manipur,Khongnangpheisani,795101
Manipur,Khongsang,795159
Manipur,Khordak Ichin,795133
Manipur,Khoupum,795147
Manipur,Khousabung,795133
Manipur,Khousat T C D,795135
Manipur,Khouwpuibung,795117
Manipur,Khoyathong,795001
Manipur,Khubungh Khullen,795102
Manipur,Khudei Khunou,795103
Manipur,Khudei Khunou,795135
Manipur,Khudengthabi,795131
Manipur,Khumbong Bazar,795113
Manipur,Khumidok P,795114
Manipur,Khumphung,795125
Manipur,Khunbi,795135
Manipur,Khundong Khukhaiba,795146
Manipur,Khunpi Naosem,795126
Manipur,Khurai Khongnang Makhong,795005
Manipur,Khurukhul,795002
Manipur,Kitnapanung,795008
Manipur,Kiyam Shiphai,795138
Manipur,Kodompokpi,795009
Manipur,Koide,795015
Manipur,Kolhen,795128
Manipur,Kolhen,795112
Manipur,Komlakhong,795132
Manipur,Kongba Bazar,795008
Manipur,Kongpat Khunou,795145
Manipur,Konthakhabam,795002
Manipur,Konthoujam,795113
Manipur,Kshetri Leikai,795138
Manipur,Kshetribangoon,795008
Manipur,Kshetrigao,795008
Manipur,Kuilong,795125
Manipur,Kumbi P,795133
Manipur,Kumbipukhri,795128
Manipur,Kunja P,795003
Manipur,Kwakta,795133
Manipur,Kwanpui,795128
Manipur,Kyamgei,795003
Manipur,L Tangkhul,795145
Manipur,Laiching Khongsang,795135
Manipur,Laii,795104
Manipur,Laikoiching,795010
Manipur,Lailong,795128
Manipur,Laiphrak Maring,795008
Manipur,Laiphrakom,795140
Manipur,Lairabokhong,795130
Manipur,Lairen Sajik,795146
Manipur,Lairouching,795007
Manipur,Lakhamei,795015
Manipur,Lalkhai,795116
Manipur,Lama Camp,795139
Manipur,Lamboi Khongnagkhong,795004
Manipur,Lambui,795145
Manipur,Lamdangmei,795126
Manipur,Lamdeng,795146
Manipur,Lamkang Khunou,795135
Manipur,Lamlai,795010
Manipur,Lamlang Gate,795142
Manipur,Lamlong Khullen,795135
Manipur,Lamlong Khunou,795135
Manipur,Lamlong,795010
Manipur,Lamphelpat,795004
Manipur,Lamsang,795146
Manipur,Langjing Achouba,795113
Manipur,Langmeidon,795103
Manipur,Langol Housing Complex,795004
Manipur,Langpok,795134
Manipur,Langthabal,795003
Manipur,Laphupat,795132
Manipur,Larong,795127
Manipur,Latingkhal,795116
Manipur,Leibi,795135
Manipur,Leijangphai,795143
Manipur,Leimapokpam,795134
Manipur,Leimatak,795124
Manipur,Leimram,795134
Manipur,Leingangching,795103
Manipur,Leisan,795142
Manipur,Leison,795143
Manipur,Leiting,795145
Manipur,Lembakhul,795138
Manipur,Lemta,795125
Manipur,Lenglong,795125
Manipur,Liklikhong Bazar,795114
Manipur,Lilong,795130
Manipur,Lingshiphai,795128
Manipur,Litan,795145
Manipur,Liwachangning,795135
Manipur,Liwasari,795127
Manipur,Liyai,795104
Manipur,Liyal Khunou,795104
Manipur,Loitang Leikinthabi,795002
Manipur,Loktak Project,795124
Manipur,Longa Koireng,795113
Manipur,Longja,795101
Manipur,Longpi,795116
Manipur,Longpram,795141
Manipur,Loukok Mayai Leikai,795132
Manipur,Louremba,795149
Manipur,Lukhambi,795159
Manipur,Lungchin,795139
Manipur,Lungphu,795145
Manipur,Lungsai,795128
Manipur,Lungshung,795128
Manipur,Lungthar,795149
Manipur,Lungthul,795139
Manipur,Luwangsangbam,795002
Manipur,Luwangsangol,795136
Manipur,M Bongmol,795101
Manipur,Machi,795135
Manipur,Magulong,795125
Manipur,Mahou Tera,795101
Manipur,Maiba,795015
Manipur,Maibam,795134
Manipur,Maibam Konjil,795132
Manipur,Mairembam,795103
Manipur,Makeng Ngarolu,795118
Manipur,Makhan,795136
Manipur,Makhan Bazar,795015
Manipur,Maklang Bazar,795113
Manipur,Makokchung,795118
Manipur,Maku,795145
Manipur,Manamayang,795134
Manipur,Manipur High Court,795001
Manipur,Manipur University,795003
Manipur,Mantak,795103
Manipur,Mantripukhri,795002
Manipur,Mao,795150
Manipur,Maohiing,795129
Manipur,Maohing,795129
Manipur,Maojam,795131
Manipur,Maokot,795145
Manipur,Mapao Keithelmanbi,795114
Manipur,Mapum,795142
Manipur,Maram,795015
Manipur,Mayang Impahl Bengoon,795132
Manipur,Mayang Imphal,795132
Manipur,Mayang Langjing,795146
Manipur,Mayuran,795124
Manipur,Millongmun,795143
Manipur,Minou Khunjao,795135
Manipur,Mission Compound,795128
Manipur,Mittong,795127
Manipur,Moijing,795138
Manipur,Moirang Kampu,795005
Manipur,Moirang Purel,795010
Manipur,Moirang,795133
Manipur,Molchamedbo,795131
Manipur,Molhang,795135
Manipur,Molkon,795118
Manipur,Mollen T C D,795149
Manipur,Molphei Tampak,795133
Manipur,Moltek,795135
Manipur,Monbi,795102
Manipur,Mongkhang Lambi,795008
Manipur,Mongsangei,795003
Manipur,Moreh,795131
Manipur,Motbung,795107
Manipur,Mual Vaiphei,795117
Manipur,Mualkoi,795128
Manipur,Mualmun,795139
Manipur,Mukti Khullen,795147
Manipur,Munpi,795128
Manipur,Mutukhong,795118
Manipur,Mutum Phibou,795132
Manipur,N Khenjang,795107
Manipur,Nabil P,795133
Manipur,Nagaching,795159
Manipur,Nambasi,795149
Manipur,Nambol,795134
Manipur,Namtiram,795141
Manipur,Naorem,795134
Manipur,Naransena,795133
Manipur,Narum,795135
Manipur,Natok Kabui,795113
Manipur,New Kabui Khullen,795159
Manipur,New Keiphundai,795115
Manipur,New Keithelmanbi,795113
Manipur,New Lambala,795125
Manipur,New Lamka,795006
Manipur,New Pallong,795141
Manipur,New Somtal,795131
Manipur,Ngaikhong Khullen,795126
Manipur,Ngairangbam,795113
Manipur,Ngairou,795142
Manipur,Ngangkha Lawi,795133
Manipur,Ngaphabung,795116
Manipur,Ngari Khullen,795144
Manipur,Ngarian,795126
Manipur,Ningombam,795003
Manipur,Ningthemchakhul,795010
Manipur,Ningthoukhong,795126
Manipur,Nodoom Bazar,795103
Manipur,None,795159
Manipur,Nongdam Tangkhul,795010
Manipur,Nongoda,795010
Manipur,Nongpok Sekmai,795149
Manipur,Noremthong Bazar,795004
Manipur,Nungba,795147
Manipur,Nungbi Khunou,795142
Manipur,Nungei,795130
Manipur,Nungnang,795147
Manipur,Nungsai Chiru,795126
Manipur,Nungshang,795142
Manipur,Nungtek,795159
Manipur,Nungthangtampak,795133
Manipur,Nurathel,795107
Manipur,Oinam,795134
Manipur,Oinam,795007
Manipur,Oinam Thingel,795008
Manipur,Oklong,795106
Manipur,Okram Wangmataba,795138
Manipur,Oktan,795146
Manipur,Pallel,795135
Manipur,Pangaltabi,795103
Manipur,Pangjang,795118
Manipur,Panglian,795128
Manipur,Paobitek,795009
Manipur,Paomata Centre,795104
Manipur,Paorei,795142
Manipur,Paoyii,795142
Manipur,Parbung,795143
Manipur,Patpuimun,795116
Manipur,Patsoi Part II,795113
Manipur,Pearsonmun,795128
Manipur,Persian,795122
Manipur,Pfukhro,795150
Manipur,Phadang,795144
Manipur,Phaibok Mullen,795116
Manipur,Phaibung Khullen,795104
Manipur,Phaijang,795143
Manipur,Phaikon,795118
Manipur,Phaipheng,795128
Manipur,Phaknung,795010
Manipur,Phayeng,795146
Manipur,Pherazol,795143
Manipur,Phiran Machet,795102
Manipur,Phoubakchao,795132
Manipur,Phoudel,795138
Manipur,Phouoibi,795149
Manipur,Phousabung,795133
Manipur,Phuba,795015
Manipur,Phubala,795126
Manipur,Phunalmaring,795130
Manipur,Phunanamei,795150
Manipur,Phundrei,795148
Manipur,Phungcham,795142
Manipur,Phungyar,795145
Manipur,Pmzol,795143
Manipur,Pngaei Yangdong,795114
Manipur,Poii,795142
Manipur,Poirou Khongjil,795138
Manipur,Ponlian,795146
Manipur,Porompat,795005
Manipur,Potsangbam,795126
Manipur,Potsangbam Khoirou,795136
Manipur,Pudunamei,795150
Manipur,Pukhao Ahallup,795114
Manipur,Pukhrambam,795134
Manipur,Puleilokpi,795148
Manipur,Purul,795015
Manipur,Purum Pantha,795103
Manipur,Pushing,795142
Manipur,Rajai Khunou,795142
Manipur,Rajamei,795007
Manipur,Rengpang,795147
Manipur,S Bolkot,795107
Manipur,Sabaltongba,795138
Manipur,Sadukhoiroi,795124
Manipur,Sagang,795133
Manipur,Sagolband Thingom Leikai,795004
Manipur,Sagolmang,795114
Manipur,Sagoltongba Bazar,795113
Manipur,Saibhom,795135
Manipur,Saiden,795128
Manipur,Saikhul Village,795128
Manipur,Saikot,795117
Manipur,Saikul,795118
Manipur,Saiton,795133
Manipur,Saitu,795107
Manipur,Sajik Tampak,795102
Manipur,Salungpham,795148
Manipur,Samaram,795148
Manipur,Samurou,795009
Manipur,Sanakeithel,795145
Manipur,Sangaikot,795101
Manipur,Sangaiprou,795140
Manipur,Sangaiyumpham,795148
Manipur,Sangpei Khullen,795118
Manipur,Sangphou,795128
Manipur,Santhel,795132
Manipur,Santing,795128
Manipur,Sapam Salai,795148
Manipur,Sapermeina,795107
Manipur,Saram Patong,795149
Manipur,Saranamei,795104
Manipur,Satang,795114
Manipur,Sawaiphaih T C D,795143
Manipur,Sawombung,795010
Manipur,Sayang Kuraomakhong,795004
Manipur,Sehao,795102
Manipur,Sekmai,795136
Manipur,Sekmaijin Khunou Konuma,795132
Manipur,Sekmaijin,795132
Manipur,Sekmaijin Khunou Litan Makhong,795132
Manipur,Semol,795145
Manipur,Semol,795102
Manipur,Semon,795143
Manipur,Senapati,795106
Manipur,Serou,795101
Manipur,Shahumphai,795101
Manipur,Shongshak,795145
Manipur,Siabu,795139
Manipur,Sibilong,795147
Manipur,Sielmet,795128
Manipur,Singhat,795139
Manipur,Singjamei,795008
Manipur,Singjawl,795143
Manipur,Siraffi,795104
Manipur,Sirarakhong,795142
Manipur,Siroi,795142
Manipur,Sita,795135
Manipur,Siyamongjam,795145
Manipur,Soibam Leikai,795001
Manipur,Soichang,795149
Manipur,Somdal,795144
Manipur,Sonapur,795116
Manipur,Songdoh,795139
Manipur,Songjang,795135
Manipur,Songpram,795141
Manipur,Songtal,795139
Manipur,Sora,795103
Manipur,Sorang Phung,795142
Manipur,Sorde,795145
Manipur,South Kotlein,795128
Manipur,Suangpuimun,795116
Manipur,Sugnu,795101
Manipur,T Bongmun,795131
Manipur,T Waichong,795112
Manipur,T Awkhumbung,795118
Manipur,T C Ground,795142
Manipur,Tadubi,795104
Manipur,Tairenpokpi,795113
Manipur,Taithu,795143
Manipur,Takhel,795005
Manipur,Takou,795125
Manipur,Takvam,795128
Manipur,Takyel Khongbal,795113
Manipur,Tamei,795125
Manipur,Tamenglong Khunjao,795141
Manipur,Tamenglong,795141
Manipur,Tangkhul Hungdung,795010
Manipur,Taphou,795129
Manipur,Taretkhul,795010
Manipur,Teiyong,795128
Manipur,Tekcham,795148
Manipur,Tendongyang P,795002
Manipur,Tengnoupal,795131
Manipur,Tentha,795148
Manipur,Tera Bazar,795004
Manipur,Tera Khoidum Mayai Leikai,795132
Manipur,Terakhongshangbi,795133
Manipur,Thamnapokpi,795135
Manipur,Thanamba,795122
Manipur,Thanga Karang,795133
Manipur,Thanga P,795133
Manipur,Thangal,795126
Manipur,Thangal Surung,795114
Manipur,Thangshi,795128
Manipur,Thanlon,795143
Manipur,Tharoi Bomdiar,795134
Manipur,Tharoijam,795113
Manipur,Tharon,795141
Manipur,Thawai,795145
Manipur,Thengjang,795112
Manipur,Thingba Khullen,795007
Manipur,Thingba Khunou,795007
Manipur,Thingra,795159
Manipur,Thingsat,795107
Manipur,Thinkai Khullen,795134
Manipur,Thinkew,795128
Manipur,Thinungei,795126
Manipur,Thiwa,795144
Manipur,Thiyamkonjil,795130
Manipur,Thonglang,795129
Manipur,Thorchom,795102
Manipur,Thoubal Block T C D,795138
Manipur,Thoubal Khunou,795138
Manipur,Thoubal Leisangthem,795138
Manipur,Thoubal Ningombam,795138
Manipur,Thoubal,795138
Manipur,Thuilon,795141
Manipur,Thumkhonglok,795133
Manipur,Tingpibung,795118
Manipur,Tingsong,795143
Manipur,Tipaimukh P,795143
Manipur,T minou,795131
Manipur,Tokpa,795122
Manipur,Tokpaching,795103
Manipur,Tokpalamdan,795124
Manipur,Tollen,795128
Manipur,Tollen,795148
Manipur,Tolloi,795142
Manipur,Tolphei,795128
Manipur,Top Chingtha,795149
Manipur,Torbung,795133
Manipur,Toribari,795129
Manipur,Toubul,795126
Manipur,Toupokpi,795102
Manipur,Tousem,795141
Manipur,Tronglaobi,795133
Manipur,Tuabung,795143
Manipur,Tuikham,795117
Manipur,Tuinem,795142
Manipur,Tuining,795117
Manipur,Tuinom,795128
Manipur,Tuisangthei,795133
Manipur,Tuitengmun,795116
Manipur,Tuitengphai,795117
Manipur,Tulaphei,795128
Manipur,Tulihal,795140
Manipur,Tumuyan Khullen,795106
Manipur,Tungjoy,795104
Manipur,Tungou,795142
Manipur,Turelahnabi,795130
Manipur,Tushem,795142
Manipur,Uchekon,795008
Manipur,Uchiwa,795132
Manipur,Uchiwa Wangban,795132
Manipur,Ukha,795128
Manipur,Ukhrul,795142
Manipur,Upper Selsi T C D,795125
Manipur,Urup,795130
Manipur,Utlou,795134
Manipur,Uyumpok,795114
Manipur,Vokbual,795139
Manipur,Wabagai,795103
Manipur,Waikhong,795103
Manipur,Wairengba,795141
Manipur,Waiton,795114
Manipur,Wakhen Phai,795114
Manipur,Wangbal,795138
Manipur,Wangjing,795148
Manipur,Wangoi,795009
Manipur,Wangoo,795133
Manipur,Wangoo Laipham,795103
Manipur,Wangoo Tera,795133
Manipur,Willang,795007
Manipur,Yairipok,795149
Manipur,Yairipok Tulihal,795149
Manipur,Yambem Laxmi Bazar,795149
Manipur,Yangangpokpi,795145
Manipur,Yangkhullen,795007
Manipur,Yangoulen,795131
Manipur,Yarrow Meitram,795140
Manipur,Yourbung,795010
Manipur,Yumnam Khunou,795009
Manipur,Yumnam Khunou,795114
Manipur,Yurembam,795113
Manipur,Zelengphai,795118
Manipur,Zoupi,795102
Manipur,Zouzangtek,795126
Mizoram,Aibawk,796190
Mizoram,Aiduzawl,796261
Mizoram,Ailawng,796501
Mizoram,Aithur,796571
Mizoram,Aizawl,796001
Mizoram,Ajasora,796770
Mizoram,Armed Veng,796007
Mizoram,Armed Veng,796008
Mizoram,Bairabi,796081
Mizoram,Baktawng,796161
Mizoram,Balhlakawn,796891
Mizoram,Bawngkawn,796014
Mizoram,Belthei,796730
Mizoram,Bethel,796321
Mizoram,Bethlehem,796007
Mizoram,Biate,796370
Mizoram,Bilkhawthlir,796091
Mizoram,Boraibazar,796471
Mizoram,Borapansury,796770
Mizoram,Bualpui,796070
Mizoram,Bualpui H,796581
Mizoram,Bualpui ng,796901
Mizoram,Bualte,796701
Mizoram,Buarpui,796701
Mizoram,Buhban,796261
Mizoram,Buhchang,796091
Mizoram,Builum,796081
Mizoram,Bukpui,796070
Mizoram,Bunghmun,796701
Mizoram,Bunghmun,796710
Mizoram,Bungkawn,796005
Mizoram,Bungtlang N,796181
Mizoram,Bungtlang S,796891
Mizoram,Bungzung,796320
Mizoram,Chakhang,796901
Mizoram,Chalrang,796310
Mizoram,Chaltlang,796012
Mizoram,Chamdur,796891
Mizoram,Champhai,796321
Mizoram,Chandmary,796701
Mizoram,Chandmary,796007
Mizoram,Changpui,796701
Mizoram,Changzawl,796261
Mizoram,Chapui,796901
Mizoram,Chawlhhmun,796009
Mizoram,Chawngte,796770
Mizoram,Chawngtlai,796310
Mizoram,Chawngtui,796571
Mizoram,Chekawn,796181
Mizoram,Cherhlun,796571
Mizoram,Cheural,796901
Mizoram,Chhawkhlei,796321
Mizoram,Chhawrtui,796310
Mizoram,Chhiahtlang,796181
Mizoram,Chhingchhip,796161
Mizoram,Chhipphir,796181
Mizoram,Chhuarlung,796901
Mizoram,Chuhvel,796081
Mizoram,College Veng,796005
Mizoram,Cti Sesawng,796017
Mizoram,Daido,796261
Mizoram,Damparengpui,796431
Mizoram,Dampui,796441
Mizoram,Dapchhuah,796410
Mizoram,Darlak,796441
Mizoram,Darlawn,796111
Mizoram,Darlung,796501
Mizoram,Darngawn W,796710
Mizoram,Darzo,796571
Mizoram,Demagiri,796751
Mizoram,Diakkawn,796081
Mizoram,Diakkawn,796082
Mizoram,Diblibagh,796751
Mizoram,Diltlang,796891
Mizoram,Dinthar,796009
Mizoram,Dulte,796310
Mizoram,Dungtlang,796320
Mizoram,Durtlang,796014
Mizoram,Electric Veng,796007
Mizoram,Farkawn,796320
Mizoram,Fungkah,796901
Mizoram,Govt Complex,796009
Mizoram,Haulawng,796691
Mizoram,Hauruang,796701
Mizoram,Hmuifang,796190
Mizoram,Hmunhmeltha,796321
Mizoram,Hmunpui,796421
Mizoram,Hmuntha,796161
Mizoram,Hnahchang,796691
Mizoram,Hnahlan,796321
Mizoram,Hnahthial,796571
Mizoram,Hnahva,796431
Mizoram,Hortoki,796070
Mizoram,Hrangchalkawn,796701
Mizoram,Hrianghmun,796290
Mizoram,Hriphaw,796471
Mizoram,Hruaikawn,796321
Mizoram,Hualngohmun,796005
Mizoram,Hualtu,796161
Mizoram,Jarulsury,796770
Mizoram,Kajoisury,796751
Mizoram,Kamalanagar LawngtlB O,796770
Mizoram,Kanghmun,796501
Mizoram,Kanghmun S,796181
Mizoram,Kanhmunbazar,796471
Mizoram,Karlui,796891
Mizoram,Kawlbem,796290
Mizoram,Kawlchaw W,796891
Mizoram,Kawlkulh,796310
Mizoram,Kawnpui,796070
Mizoram,Kawnpui W,796710
Mizoram,Kawrtethawveng,796441
Mizoram,Kawrthah,796441
Mizoram,Keifang,796261
Mizoram,Keitum,796181
Mizoram,Kelkang,796321
Mizoram,Kelsih,796005
Mizoram,Kepran,796017
Mizoram,Khanpui,796017
Mizoram,Khawbel,796161
Mizoram,Khawchhete,796005
Mizoram,Khawhai,796310
Mizoram,Khawhnai,796431
Mizoram,Khawkawn,796290
Mizoram,Khawlailung,796181
Mizoram,Khawlian,796261
Mizoram,Khawnuam,796321
Mizoram,Khawpuar,796111
Mizoram,Khawrihnim,796501
Mizoram,Khawruhlian,796017
Mizoram,Khawzawl,796310
Mizoram,Khopai,796901
Mizoram,Khuangleng,796321
Mizoram,Khuangphah,796321
Mizoram,Khuangthing,796320
Mizoram,Khumtung,796161
Mizoram,Kikawn,796701
Mizoram,Kolasib,796081
Mizoram,Kulikawn,796005
Mizoram,Laisawral,796710
Mizoram,Laki,796901
Mizoram,Lallen,796431
Mizoram,Lamchhip,796190
Mizoram,Lamzawl,796290
Mizoram,Latawh,796901
Mizoram,Lawngban,796901
Mizoram,Lawngtlai,796891
Mizoram,Leisenzo,796321
Mizoram,Leite,796571
Mizoram,Leithum,796320
Mizoram,Leng,796370
Mizoram,Lengpui Airport,796421
Mizoram,Lengpui,796410
Mizoram,Luangmual,796009
Mizoram,Luangpawn,796261
Mizoram,Lungbun,796901
Mizoram,Lungchem,796701
Mizoram,Lungchhuan,796181
Mizoram,Lungdai,796014
Mizoram,Lungdar,796370
Mizoram,Lungdar W,796501
Mizoram,Lungkawlh,796181
Mizoram,Lunglawn,796701
Mizoram,Lunglei,796701
Mizoram,Lungleng s,796571
Mizoram,Lungmuat,796070
Mizoram,Lungpher N,796261
Mizoram,Lungpher S,796901
Mizoram,Lungpho,796181
Mizoram,Lungphunlian,796321
Mizoram,Lungrang S,796730
Mizoram,Lungsen,796730
Mizoram,Lungsum,796111
Mizoram,Lungtan,796310
Mizoram,Lungtian,796901
Mizoram,Lushaicherra,796471
Mizoram,Maite,796261
Mizoram,Mamit,796441
Mizoram,Mampui,796891
Mizoram,Marpara,796431
Mizoram,Maubawk,796005
Mizoram,Maubuang,796190
Mizoram,Mauchar,796111
Mizoram,Maulkawi,796321
Mizoram,Mimbung,796290
Mizoram,Missionvengthlang,796005
Mizoram,Mizoram University,796004
Mizoram,Momcherra,796471
Mizoram,Mualbukawn,796891
Mizoram,Mualcheng,796370
Mizoram,Mualcheng S,796701
Mizoram,Mualkhang,796410
Mizoram,Muallianpui,796571
Mizoram,Muallung,796320
Mizoram,Muallungthu,796005
Mizoram,Mualmawi,796005
Mizoram,Mualpheng,796261
Mizoram,Mualpui,796005
Mizoram,Mualthuam N,796691
Mizoram,Mualvum,796070
Mizoram,Murlen,796321
Mizoram,Muthi,796014
Mizoram,N Vanlaiphai,796184
Mizoram,N Chalrang,796310
Mizoram,N Chaltlang,796070
Mizoram,N Chawnpui,796101
Mizoram,N Chhippui,796431
Mizoram,N E Bualpui,796261
Mizoram,N Hlimen,796070
Mizoram,N Khawbung,796321
Mizoram,N Khawlek,796261
Mizoram,N Lungleng,796005
Mizoram,N Sabual,796441
Mizoram,N Serzawl,796111
Mizoram,N Tinghmun,796111
Mizoram,N Vanlaiphai,796181
Mizoram,Ne Khawdungsei,796290
Mizoram,Neihdawn,796310
Mizoram,New Jagnasury,796891
Mizoram,New Maubawk,796901
Mizoram,New Secretariat Complex,796005
Mizoram,New Serchhip,796181
Mizoram,New Vervek,796111
Mizoram,Ngengpuikai,796891
Mizoram,Ngopa,796290
Mizoram,Ngur,796321
Mizoram,Niawhtlang,796901
Mizoram,Nisapui,796070
Mizoram,Nunsury,796751
Mizoram,Paithar,796891
Mizoram,Palsang,796111
Mizoram,Pangkhua,796901
Mizoram,Pangzawl,796571
Mizoram,Parva,796891
Mizoram,Parvatui,796431
Mizoram,Pawlrang,796261
Mizoram,Phaileng E,796017
Mizoram,Phaileng,796431
Mizoram,Phainuam,796101
Mizoram,Phairuangkai,796730
Mizoram,Phaisen,796091
Mizoram,Phuaibuang,796261
Mizoram,Phuldungsei,796431
Mizoram,Phullen,796261
Mizoram,Phulpui,796190
Mizoram,Phura,796901
Mizoram,Ptc Lungverh,796410
Mizoram,Puankhai,796751
Mizoram,Puilo,796310
Mizoram,Pukpui,796691
Mizoram,Pukzing,796431
Mizoram,Putlungasih,796730
Mizoram,Ralvawng,796701
Mizoram,Ramhlun,796012
Mizoram,Ramlaitui,796691
Mizoram,Ramthar,796007
Mizoram,Rangte,796730
Mizoram,Rangvamual,796009
Mizoram,Ratu,796111
Mizoram,Rawmibawk,796901
Mizoram,Rawpui,796571
Mizoram,Rawpuichhip,796410
Mizoram,Reiek,796501
Mizoram,Rengdil,796441
Mizoram,Republic Veng,796005
Mizoram,Riangtlei,796310
Mizoram,Rualalung,796730
Mizoram,Ruallung,796261
Mizoram,Ruantlang,796321
Mizoram,Rulkual,796891
Mizoram,Rullam,796310
Mizoram,Rulpuihlim,796501
Mizoram,"S,hlimen",796005
Mizoram,S Chawilung,796751
Mizoram,S Khawbung,796320
Mizoram,S Sabual,796501
Mizoram,S Vanlaiphai,796571
Mizoram,Sabualkawn,796005
Mizoram,Sabualtlang,796891
Mizoram,Sachan,796710
Mizoram,Saichal,796261
Mizoram,Saiha,796901
Mizoram,Saihapui K,796081
Mizoram,Saikhawthlir,796081
Mizoram,Sailam,796190
Mizoram,Sailulak,796370
Mizoram,Sailutar,796111
Mizoram,Saiphai,796101
Mizoram,Saipum,796101
Mizoram,Sairang,796410
Mizoram,Saithah,796431
Mizoram,Saitual,796261
Mizoram,Saizawh,796770
Mizoram,Sakawrdai,796111
Mizoram,Sakawrtuichhun,796009
Mizoram,Samlukhai,796190
Mizoram,Samthang,796320
Mizoram,Sangau,796901
Mizoram,Sateek,796190
Mizoram,Sawleng,796017
Mizoram,Sazaikawn,796701
Mizoram,Sazep,796320
Mizoram,Selam,796290
Mizoram,Selesih,796014
Mizoram,Seling,796161
Mizoram,Serchhip,796181
Mizoram,Serhmun,796441
Mizoram,Serkawn,796691
Mizoram,Serkawr,796901
Mizoram,Serkhan,796070
Mizoram,Sertlangpui,796701
Mizoram,Sesawm,796710
Mizoram,Sesawng,796017
Mizoram,Sesih,796321
Mizoram,Sialhau,796181
Mizoram,Sialhawk,796370
Mizoram,Sialsir,796181
Mizoram,Sialsuk,796190
Mizoram,Siata,796901
Mizoram,Sihfa,796261
Mizoram,Sihphir,796014
Mizoram,Silsury,796431
Mizoram,Suangpuilawn,796261
Mizoram,Suarhliap,796081
Mizoram,Sumsilui,796770
Mizoram,Sumsuih,796190
Mizoram,Tachhip,796190
Mizoram,Tanhril,796009
Mizoram,Tarpho,796571
Mizoram,Tawipui N,796701
Mizoram,Tawipui S,796701
Mizoram,Teikhang,796290
Mizoram,Thakthingbazar,796005
Mizoram,Theiriat,796701
Mizoram,Theiva,796901
Mizoram,Thenhlum,796701
Mizoram,Thentlang,796161
Mizoram,Thenzawl,796186
Mizoram,Thiak,796190
Mizoram,Thiltlang,796571
Mizoram,Thingdawl,796082
Mizoram,Thingdawlmelriat,796005
Mizoram,Thingfal,796701
Mizoram,Thinglian,796181
Mizoram,Thingsai,796571
Mizoram,Thingsai,796581
Mizoram,Thingsat,796111
Mizoram,Thingsulthliah,796161
Mizoram,Thingthelh,796070
Mizoram,Thualthu,796701
Mizoram,Thuampui,796701
Mizoram,Tiperaghat,796751
Mizoram,Tlangkhang,796441
Mizoram,Tlangnuam,796005
Mizoram,Tlangpui,796370
Mizoram,Tlangsam,796321
Mizoram,Tlungvel,796161
Mizoram,Tongkolong,796901
Mizoram,Tualbung,796261
Mizoram,Tualcheng,796321
Mizoram,Tualpui,796310
Mizoram,Tualte,796310
Mizoram,Tuichawng,796730
Mizoram,Tuidam,796441
Mizoram,Tuikawi,796751
Mizoram,Tuipang,796901
Mizoram,Tuipui D,796571
Mizoram,Tuipuibari,796431
Mizoram,Tuipuiferry,796901
Mizoram,Tuirial H E P,796101
Mizoram,Tuisentlang,796891
Mizoram,Tuisih,796901
Mizoram,Tuithiang,796007
Mizoram,Tuithumhnar,796891
Mizoram,Udaisury,796770
Mizoram,Udalthana,796770
Mizoram,Vahai,796901
Mizoram,Vaikhawtlang,796290
Mizoram,Vairengte,796101
Mizoram,Vaisam,796701
Mizoram,Vaitin,796111
Mizoram,Vaivakawn,796009
Mizoram,Vanbawng,796261
Mizoram,Vanchengpui,796310
Mizoram,Vangchhia,796320
Mizoram,Vangtlang,796310
Mizoram,Vanhne,796701
Mizoram,Vanzau,796320
Mizoram,Vapar,796321
Mizoram,Vaphai,796320
Mizoram,Vaseitlang,796891
Mizoram,Vathuampui,796891
Mizoram,Vawmbuk,796901
Mizoram,Vengthar,796081
Mizoram,Vengthlang,796321
Mizoram,Vervek,796111
Mizoram,Zamuang,796471
Mizoram,Zanlawn,796014
Mizoram,Zawlnuam,796471
Mizoram,Zawlpui,796730
Mizoram,Zawngin,796261
Mizoram,Zawngling,796901
Mizoram,Zemabawk,796017
Mizoram,Zobawk,796701
Mizoram,Zodin,796751
Mizoram,Zohmun,796111
Mizoram,Zohnuai,796701
Mizoram,Zote e,796321
Mizoram,Zote S,796181
Mizoram,Zotlang,796691
Mizoram,Zuangtui,796017
Mizoram,Tuirial H E P,796091
Mizoram,N.Chawnpui,796091
Mizoram,Saiphai,796091
Mizoram,Saipum,796091
Mizoram,Chhipphir,796186
Mizoram,Kanghmun S,796186
Mizoram,Zote S,796186
Mizoram,Ramlaitui,796186
Meghalaya,Achigchonggiri,794002
Meghalaya,Adakgiri,783123
Meghalaya,Amlarem,793150
Meghalaya,Amlari,793109
Meghalaya,Ampati,794115
Meghalaya,Anugiri,794002
Meghalaya,Araimile,794101
Meghalaya,Assam Rifles,793011
Meghalaya,Baghmara,794102
Meghalaya,Bajengdoba,794002
Meghalaya,Balat,793106
Meghalaya,Balkhalbazar,794102
Meghalaya,Balkinigiri,794111
Meghalaya,Balsalgiri,794102
Meghalaya,Balunghat,794106
Meghalaya,Bandelkona,794115
Meghalaya,Barato,793150
Meghalaya,Barengapara,794103
Meghalaya,Barua Basti,793104
Meghalaya,Batabari,794104
Meghalaya,Bataw,793160
Meghalaya,Belguri,794109
Meghalaya,Betsing,794115
Meghalaya,Bhaitbari,794104
Meghalaya,Bhajamara,794104
Meghalaya,Bhoilymbong,793103
Meghalaya,Bholaganj Bazar,793107
Meghalaya,Bholarbhita,794104
Meghalaya,Bishnupur,793004
Meghalaya,Bolangitak,794109
Meghalaya,Bolchugre,794005
Meghalaya,Bolsong,794002
Meghalaya,Borjhora,794109
Meghalaya,Borsora,793106
Meghalaya,Byrki,793119
Meghalaya,Byrnihat,793101
Meghalaya,Captain Reserve,794101
Meghalaya,Chandabhui,794103
Meghalaya,Chapahati,794106
Meghalaya,Chati,794103
Meghalaya,Chengapara,794103
Meghalaya,Cherrabazar,793111
Meghalaya,Cherrapunjee,793108
Meghalaya,Chokpotgiri,794005
Meghalaya,Dabu,794110
Meghalaya,Dadenggre,794003
Meghalaya,Dadengiri,794104
Meghalaya,Dagal,794108
Meghalaya,Dainadubi,794110
Meghalaya,Dajongpara,794002
Meghalaya,Dakopgiri,794101
Meghalaya,Dalia,793112
Meghalaya,Damalgiri,794105
Meghalaya,Dambuk Agal,794114
Meghalaya,Daram,794108
Meghalaya,Darrang,793109
Meghalaya,Darugiri,794110
Meghalaya,Dawki,793109
Meghalaya,Dekubazar,794005
Meghalaya,Dholai,793106
Meghalaya,Dhopgiri,794005
Meghalaya,Diengiei,793005
Meghalaya,Diengpasoh,793012
Meghalaya,Dimapara,794103
Meghalaya,Disong,793112
Meghalaya,Dobasipara,794005
Meghalaya,Dokangsi,794110
Meghalaya,Dungki Ingdong,793120
Meghalaya,Edenbari Rongkhon,794002
Meghalaya,Emangiri,794102
Meghalaya,Epip Byrnihat,793101
Meghalaya,Fulbari West Garo Hills,794104
Meghalaya,Gabil,794002
Meghalaya,Gachuapara,794103
Meghalaya,Gairong,794110
Meghalaya,Gambigre,794005
Meghalaya,Gambil,794110
Meghalaya,Ganchudari,794103
Meghalaya,Garobadha,794105
Meghalaya,Garodoba,794105
Meghalaya,Gatsingbazar,794104
Meghalaya,Gongrengiri,794005
Meghalaya,Gopinath Killa,794106
Meghalaya,Grenggandi Agal,794105
Meghalaya,Gumaghat,793106
Meghalaya,Gumaijhora,794104
Meghalaya,Haldibari,794105
Meghalaya,Halloidanga,794109
Meghalaya,Haluapara,794108
Meghalaya,Happy Valley,793007
Meghalaya,Haripur,794104
Meghalaya,Hatugaon,794109
Meghalaya,Hatumling,793102
Meghalaya,Holidayganj,794104
Meghalaya,Huroi,793200
Meghalaya,Iawthymmai,793150
Meghalaya,Ichamati,793112
Meghalaya,Iewduh,793002
Meghalaya,Iewmaroid,793120
Meghalaya,Iewmawiong,793110
Meghalaya,Jadigitim,794107
Meghalaya,Jaiaw,793002
Meghalaya,Jaidoh,793119
Meghalaya,Jakrem,793114
Meghalaya,Jarain,793150
Meghalaya,Jashier,793114
Meghalaya,Jengrapara,794109
Meghalaya,Jingjal,794002
Meghalaya,Jongksha,793015
Meghalaya,Jorabat,793101
Meghalaya,Joshipara,794103
Meghalaya,Jowai,793150
Meghalaya,Kalaichar,794115
Meghalaya,Kalaipara,794106
Meghalaya,Kalatak,793112
Meghalaya,Kalchengapara,794105
Meghalaya,Kapasipara,794103
Meghalaya,Katuli,794115
Meghalaya,Kawahagra,794106
Meghalaya,Khanduli,793151
Meghalaya,Kharang,793015
Meghalaya,Kharapara,794103
Meghalaya,Kharkutta,783134
Meghalaya,Khatum,793200
Meghalaya,Khlieh Lyngkhoi,793120
Meghalaya,Khliehmawlieh,793119
Meghalaya,Khliehriat,793200
Meghalaya,Khonjoy,793106
Meghalaya,Killapara,794103
Meghalaya,Killing Centre,793101
Meghalaya,Kyndong Tuber,793150
Meghalaya,Kynjoin Umran,793102
Meghalaya,Kynrut,793120
Meghalaya,Kynshi,793120
Meghalaya,Kynton U Mon,793021
Meghalaya,Kynton Massar,793022
Meghalaya,Kyrdem,793103
Meghalaya,Kyrdem Kulai,793105
Meghalaya,Laban,793004
Meghalaya,Ladmawphlang,793111
Meghalaya,Ladrymbai,793160
Meghalaya,Lailad,793102
Meghalaya,Laitdombah,793120
Meghalaya,Laitduh,793111
Meghalaya,Laitkor,793010
Meghalaya,Laitkor Peak,793010
Meghalaya,Laitkseh,793119
Meghalaya,Laitkynsew,793108
Meghalaya,Laitlyngkot,793110
Meghalaya,Laitnongrim,793114
Meghalaya,Laitryngew,793111
Meghalaya,Laitumkhrah,793003
Meghalaya,Lamin,793109
Meghalaya,Langdongdai,793119
Meghalaya,Langkyrdem,793110
Meghalaya,Langtor,793120
Meghalaya,Laskein,793150
Meghalaya,Lawbah,793113
Meghalaya,Lawbyrtun,793120
Meghalaya,Lawsohtun,793004
Meghalaya,Lower Chandmari,794002
Meghalaya,Lumshnong,793200
Meghalaya,Lumshnong,793210
Meghalaya,Lyngiong,793121
Meghalaya,Lyngkhat,793109
Meghalaya,Lyngkhoi,793120
Meghalaya,Lynshing,793015
Meghalaya,Madan Bitaw,793121
Meghalaya,Madanbynther,793120
Meghalaya,Madanriting,793021
Meghalaya,Mahadeo,793108
Meghalaya,Mahendraganj West Garo Hills,794106
Meghalaya,Mahesh Khola,794114
Meghalaya,Mairang,793120
Meghalaya,Majerchar,794106
Meghalaya,Makali,793106
Meghalaya,Manai,793120
Meghalaya,Mangsang,794110
Meghalaya,Manlakandi,794104
Meghalaya,Marbisu,793121
Meghalaya,Marmain,793102
Meghalaya,Marngar,793102
Meghalaya,Marskuin,793119
Meghalaya,Matchakgiri,794002
Meghalaya,Mawbakhon,793151
Meghalaya,Mawbeh,793110
Meghalaya,Mawblang,793108
Meghalaya,Mawbri,793103
Meghalaya,Mawdongbazar,793113
Meghalaya,Mawdymmai,793151
Meghalaya,Maweitlyngngam,793119
Meghalaya,Mawhati,793105
Meghalaya,Mawhiang,793113
Meghalaya,Mawiong,793016
Meghalaya,Mawkaiaw,793150
Meghalaya,Mawkarah,793120
Meghalaya,Mawkdok,793111
Meghalaya,Mawkhanu,793012
Meghalaya,Mawklot,793009
Meghalaya,Mawkohngei,793119
Meghalaya,Mawkriah,793121
Meghalaya,Mawkyndeng,793150
Meghalaya,Mawkynrew,793015
Meghalaya,Mawkyrwat,793114
Meghalaya,Mawlai,793017
Meghalaya,Mawlasnai,793103
Meghalaya,Mawlat,793015
Meghalaya,Mawlieh,793119
Meghalaya,Mawlong,793015
Meghalaya,Mawlong,793108
Meghalaya,Mawlong,793102
Meghalaya,Mawlyngngad,793015
Meghalaya,Mawlyngwir,793114
Meghalaya,Mawmluh,793108
Meghalaya,Mawngap,793121
Meghalaya,Mawpat,793012
Meghalaya,Mawphlang,793121
Meghalaya,Mawpun,793121
Meghalaya,Mawput,793106
Meghalaya,Mawreng,793121
Meghalaya,Mawroh,793008
Meghalaya,Mawrong,793105
Meghalaya,Mawryngkneng,793021
Meghalaya,Mawsaw,793114
Meghalaya,Mawshut,793120
Meghalaya,Mawsynram,793113
Meghalaya,Mawtawar,793022
Meghalaya,Mawten,793114
Meghalaya,Mawthapdoh,793114
Meghalaya,Mawthengkut,793119
Meghalaya,Mawthungkper,793119
Meghalaya,Mawtiehbah,793121
Meghalaya,Mechanpani,794104
Meghalaya,Meghalaya Secretariat,793001
Meghalaya,Melliam,794105
Meghalaya,Mendal,794002
Meghalaya,Mendikgiri,794102
Meghalaya,Mendipathar,794112
Meghalaya,Mihanpara,794103
Meghalaya,Mihmyntdu,793150
Meghalaya,Monobari,794105
Meghalaya,Mookynniang,793151
Meghalaya,Mualsei,793200
Meghalaya,Mukhdangra,794105
Meghalaya,Mukhialong,793160
Meghalaya,Muktapur,793109
Meghalaya,Munai,793106
Meghalaya,Mupyut,793150
Meghalaya,Musniang,793160
Meghalaya,Mustem,793150
Meghalaya,Myllat,793110
Meghalaya,Mylliem Syllai U Lar,793009
Meghalaya,Myndihati,793200
Meghalaya,Mynso,793150
Meghalaya,Myriaw,793120
Meghalaya,Naljuri,793109
Meghalaya,Namdong,793151
Meghalaya,Nangwalbibra,794107
Meghalaya,Nartiang,793151
Meghalaya,Nehu,793022
Meghalaya,Neigrihms,793018
Meghalaya,New Bhaitbari,794104
Meghalaya,Ngunraw,793114
Meghalaya,Niangbari,793102
Meghalaya,Nilwalgiri,794102
Meghalaya,Nogorpara,794106
Meghalaya,Nongbah,793119
Meghalaya,Nongbah,793150
Meghalaya,Nongbareh,793109
Meghalaya,Nongcharan,794110
Meghalaya,Nongjngi,793151
Meghalaya,Nongjri,793110
Meghalaya,Nongkasen,793119
Meghalaya,Nongkhlaw,793120
Meghalaya,Nongkrem,793015
Meghalaya,Nongkynrih,793110
Meghalaya,Nongladew,793102
Meghalaya,Nonglang,793114
Meghalaya,Nonglang,793119
Meghalaya,Nonglyer,793009
Meghalaya,Nongmynsong,793019
Meghalaya,Nongnah,793106
Meghalaya,Nongpoh,793102
Meghalaya,Nongpyndeng,793119
Meghalaya,Nongryngkoh,793150
Meghalaya,Nongsdad Dkhar,793119
Meghalaya,Nongshyrkon,793119
Meghalaya,Nongspung,793121
Meghalaya,Nongstoin,793119
Meghalaya,Nongsynrih,793114
Meghalaya,Nongtalang,793109
Meghalaya,Nongthliew,793120
Meghalaya,Nongthymmai,793014
Meghalaya,Nongthynniew,793119
Meghalaya,Nongtyngur,793109
Meghalaya,Nongum,793120
Meghalaya,Nongumlong,793005
Meghalaya,Oakland,793001
Meghalaya,Okkapara,794105
Meghalaya,Padu,793109
Meghalaya,Paham,794104
Meghalaya,Pala,793200
Meghalaya,Pam Briew,793119
Meghalaya,Pamora,793021
Meghalaya,Pamshutia,793109
Meghalaya,Panda,794102
Meghalaya,Pariong,793120
Meghalaya,Passadwar,793109
Meghalaya,Pdengshakap,793150
Meghalaya,Pedaldoba,794109
Meghalaya,Phlang Kynshi,793114
Meghalaya,Phlang Mawsyrpat,793113
Meghalaya,Phlangdiloin,793119
Meghalaya,Phlangwanbroi,793113
Meghalaya,Photamati,794109
Meghalaya,Phudjaud,793114
Meghalaya,Phudmawri,793008
Meghalaya,Pomlakrai,793010
Meghalaya,Pongkung,793121
Meghalaya,Pongtung,793109
Meghalaya,Puksora,793106
Meghalaya,Purakhasia,794103
Meghalaya,Puriang,793021
Meghalaya,Pyndemsakwang,793114
Meghalaya,Pyndeng Sohsaw,793106
Meghalaya,Pyndengrei,793119
Meghalaya,Pynursla,793110
Meghalaya,Raja Apal,794002
Meghalaya,Rajabala,794104
Meghalaya,Rajapara,793106
Meghalaya,Raksamgiri,794109
Meghalaya,Raliang,793150
Meghalaya,Rambrai,793119
Meghalaya,Ramdait,793111
Meghalaya,Rangblang,793119
Meghalaya,Rangmaw,793114
Meghalaya,Rangshken,793121
Meghalaya,Rangthong,793114
Meghalaya,Ranikor,793106
Meghalaya,Raribazar,794002
Meghalaya,Rata Cherra,793200
Meghalaya,Resubelpara,794108
Meghalaya,Riangdo Bazar,793119
Meghalaya,Rilbong,793004
Meghalaya,Rimrangapara,794103
Meghalaya,Rombagiri,794111
Meghalaya,Rombazar,794104
Meghalaya,Ronga Agal,794110
Meghalaya,Rongasora,793106
Meghalaya,Rongchek Akhong,794110
Meghalaya,Rongjeng,794110
Meghalaya,Rongkhon,794002
Meghalaya,Rongkhum,793109
Meghalaya,Rongmatchokgiri,794104
Meghalaya,Rongmen,793103
Meghalaya,Rongmil,794110
Meghalaya,Rongra,794114
Meghalaya,Rongram,794002
Meghalaya,Rongrengiri,794111
Meghalaya,Rongrong,794108
Meghalaya,Rongsakgiri,794111
Meghalaya,Rongsakhona,794105
Meghalaya,Rymbai,793160
Meghalaya,Ryngibah,793015
Meghalaya,Ryngkubazar,793113
Meghalaya,Rynjah,793006
Meghalaya,Sabribari,794104
Meghalaya,Sahsniang,793150
Meghalaya,Saiden,793102
Meghalaya,Saipung,793200
Meghalaya,Saitsama,793151
Meghalaya,Sakhadongiri,794111
Meghalaya,Salmanpara,794115
Meghalaya,Samanda,794111
Meghalaya,Sanidon,793105
Meghalaya,Sarin,793106
Meghalaya,Sasengpara,794103
Meghalaya,Seinduli Bazar,793119
Meghalaya,Selsella,794105
Meghalaya,Shallang,793119
Meghalaya,Sham Sham,793160
Meghalaya,Shangpung,793150
Meghalaya,Shankinigiri,794005
Meghalaya,Shella,793112
Meghalaya,Sheruphie,793200
Meghalaya,Shillong G P O,793001
Meghalaya,Shnongrim,793200
Meghalaya,Shyamnagar,794104
Meghalaya,Sibbari,794103
Meghalaya,Siju,794102
Meghalaya,Silkhigiri,794103
Meghalaya,Smit,793015
Meghalaya,Sngimawlein,793114
Meghalaya,Sohbarpunjee,793108
Meghalaya,Sohiong,793121
Meghalaya,Sohiong,793115
Meghalaya,Sohkha,793109
Meghalaya,Sohkmie,793108
Meghalaya,Sohkymphor,793160
Meghalaya,Sohmynting,793150
Meghalaya,Sohpian,793121
Meghalaya,Sohryngkham,793015
Meghalaya,Sonapur,793200
Meghalaya,Sonatola,793106
Meghalaya,Songsak,794111
Meghalaya,Sulgre,794115
Meghalaya,Sumer,793104
Meghalaya,Sutnga,793200
Meghalaya,Syndai,793109
Meghalaya,Syntein,793113
Meghalaya,Tamul Kuchi Gaon,793101
Meghalaya,Telsora,793106
Meghalaya,Teporpara,794105
Meghalaya,Thadlaskein,793151
Meghalaya,Thadmuthlong,793150
Meghalaya,Thangbuli,793150
Meghalaya,Thangpylleng Pyndemkseh,793119
Meghalaya,Thangrain,793150
Meghalaya,Thangsning,793015
Meghalaya,Thapa,794108
Meghalaya,Thyllaw,793113
Meghalaya,Thynroit,793015
Meghalaya,Tihnongbah,793120
Meghalaya,Tikrikilla,794109
Meghalaya,Trangblang,793150
Meghalaya,Trangpleng,793106
Meghalaya,Tuber Kmaishnong,793160
Meghalaya,Tura,794001
Meghalaya,Tynger,793113
Meghalaya,Tynring,793012
Meghalaya,Tynrong,793111
Meghalaya,Tyrna,793108
Meghalaya,Tyrsad,793121
Meghalaya,Ucc,793122
Meghalaya,Umden,793102
Meghalaya,Umdihar,793102
Meghalaya,Umdohlun,793119
Meghalaya,Umiam,793103
Meghalaya,Umjarain,793114
Meghalaya,Umkdait,793006
Meghalaya,Umkiang,793200
Meghalaya,Umkrem,793120
Meghalaya,Umktieh,793103
Meghalaya,Umladang,793151
Meghalaya,Ummulong,793151
Meghalaya,Umniuh Tmar,793110
Meghalaya,Umphyrnai,793015
Meghalaya,Umpung,793106
Meghalaya,Umran,793105
Meghalaya,Umrit,793102
Meghalaya,Umroi,793103
Meghalaya,Umsaw,793123
Meghalaya,Umsawnongbri,793102
Meghalaya,Umshakhon Mathon,793102
Meghalaya,Umsning,793015
Meghalaya,Umsning,793105
Meghalaya,Umsohlait,793105
Meghalaya,Umsohpieng,793119
Meghalaya,Umsyiem,793109
Meghalaya,Umthlong,793120
Meghalaya,Umyap,793119
Meghalaya,Upper Shillong,793005
Meghalaya,Wagachi,794110
Meghalaya,Wahiajer,793151
Meghalaya,Wahkaji,793119
Meghalaya,Wahkdait,793109
Meghalaya,Wahlong,793108
Meghalaya,Wahshiarkhmut,793110
Meghalaya,Wapung,793160
Meghalaya,Warimagiri,794114
Meghalaya,Weiloi,793121
Meghalaya,Williamnagar,794111
Meghalaya,Yalang,793150
Meghalaya,Yooksi,793150
Meghalaya,Zekabari,794105
Meghalaya,Zigzak,794115
Arunachal-Pradesh,Abango,792110
Arunachal-Pradesh,Adipasi,791102
Arunachal-Pradesh,Alinye,792101
Arunachal-Pradesh,Along,791001
Arunachal-Pradesh,Alubari,792102
Arunachal-Pradesh,Anelih,792101
Arunachal-Pradesh,Anini,792101
Arunachal-Pradesh,Anupam,792110
Arunachal-Pradesh,Arunachal Pradesh Secretariat,791111
Arunachal-Pradesh,Arunachal University,791112
Arunachal-Pradesh,Ayeng,791104
Arunachal-Pradesh,B Supply,790104
Arunachal-Pradesh,Bagra,791001
Arunachal-Pradesh,Balek,791102
Arunachal-Pradesh,Balemu,790002
Arunachal-Pradesh,Balijan,791123
Arunachal-Pradesh,Bame,791101
Arunachal-Pradesh,Bameng,790102
Arunachal-Pradesh,Bana,790102
Arunachal-Pradesh,Banderdewa,791123
Arunachal-Pradesh,Basar West Siang,791101
Arunachal-Pradesh,Bene,791001
Arunachal-Pradesh,Bhalukpong,790114
Arunachal-Pradesh,Bijari,792110
Arunachal-Pradesh,Bilat,791102
Arunachal-Pradesh,Boasimla,791120
Arunachal-Pradesh,Boleng,791102
Arunachal-Pradesh,Bolung,792110
Arunachal-Pradesh,Bomdila,790001
Arunachal-Pradesh,Bomjir,792110
Arunachal-Pradesh,Bordumsa,792056
Arunachal-Pradesh,Borduria,792130
Arunachal-Pradesh,Borguli,791104
Arunachal-Pradesh,Bubang,792120
Arunachal-Pradesh,Chaglagam,792104
Arunachal-Pradesh,Chakma,792102
Arunachal-Pradesh,Chambang,791118
Arunachal-Pradesh,Changlang,792120
Arunachal-Pradesh,Changliang,792001
Arunachal-Pradesh,Chimpu,791113
Arunachal-Pradesh,Chopelling,792122
Arunachal-Pradesh,Chowkham,792102
Arunachal-Pradesh,Chyangtajo,790102
Arunachal-Pradesh,Dadam,792130
Arunachal-Pradesh,Dahung,790116
Arunachal-Pradesh,Dalbing,791102
Arunachal-Pradesh,Dali,791101
Arunachal-Pradesh,Dambuk,792110
Arunachal-Pradesh,Damin,791118
Arunachal-Pradesh,Damro,791102
Arunachal-Pradesh,Danglat,792001
Arunachal-Pradesh,Daporijo,791122
Arunachal-Pradesh,Darak,791001
Arunachal-Pradesh,Daring,791101
Arunachal-Pradesh,Darka,791001
Arunachal-Pradesh,Deban,792122
Arunachal-Pradesh,Debing,791102
Arunachal-Pradesh,Dedza,790116
Arunachal-Pradesh,Deed,791120
Arunachal-Pradesh,Deomali,792129
Arunachal-Pradesh,Desali,792110
Arunachal-Pradesh,Dharampur,792122
Arunachal-Pradesh,Dirang Basti,790101
Arunachal-Pradesh,Dirang,790101
Arunachal-Pradesh,Diyun,792103
Arunachal-Pradesh,Doimukh,791112
Arunachal-Pradesh,Donyi Polo,791113
Arunachal-Pradesh,Dumporijo,791122
Arunachal-Pradesh,Elopa,792110
Arunachal-Pradesh,Etalin,792110
Arunachal-Pradesh,Gandhigram,792055
Arunachal-Pradesh,Garu,791125
Arunachal-Pradesh,Geku,791002
Arunachal-Pradesh,Gelling,791105
Arunachal-Pradesh,Gensi,791125
Arunachal-Pradesh,Giba,791122
Arunachal-Pradesh,Gispu,790106
Arunachal-Pradesh,Godak,791120
Arunachal-Pradesh,Gohaingaon,792001
Arunachal-Pradesh,Goiliang,792104
Arunachal-Pradesh,GTC,791102
Arunachal-Pradesh,Hawa Camp,791121
Arunachal-Pradesh,Hawai,792104
Arunachal-Pradesh,Hayuliang,792104
Arunachal-Pradesh,Hija,791120
Arunachal-Pradesh,Hill Top,791103
Arunachal-Pradesh,Hiya,791118
Arunachal-Pradesh,Hukanjuri,792129
Arunachal-Pradesh,Hunli,792110
Arunachal-Pradesh,Iduli,792110
Arunachal-Pradesh,Innao,792103
Arunachal-Pradesh,Itanagar,791111
Arunachal-Pradesh,Jaipur,792103
Arunachal-Pradesh,Jairampur Changlang,792121
Arunachal-Pradesh,Jang,790105
Arunachal-Pradesh,Jia,792110
Arunachal-Pradesh,Joram,791120
Arunachal-Pradesh,K Nokno,792131
Arunachal-Pradesh,Kaimai,792130
Arunachal-Pradesh,Kalaktang,790002
Arunachal-Pradesh,Kambang,791001
Arunachal-Pradesh,Kamlang Nagar,792102
Arunachal-Pradesh,Kanubari,792130
Arunachal-Pradesh,Kapu,792130
Arunachal-Pradesh,Karko,791002
Arunachal-Pradesh,Kaying,791001
Arunachal-Pradesh,Kebang,791102
Arunachal-Pradesh,Kharsang,792122
Arunachal-Pradesh,Kheel,791112
Arunachal-Pradesh,Khela,792130
Arunachal-Pradesh,Khellong,790114
Arunachal-Pradesh,Khemiyong,792120
Arunachal-Pradesh,Khenewa,790102
Arunachal-Pradesh,Kherem,792102
Arunachal-Pradesh,Kherem Bisa,792056
Arunachal-Pradesh,Kheti,792130
Arunachal-Pradesh,Khonsa Basti,792130
Arunachal-Pradesh,Khonsa,792130
Arunachal-Pradesh,Khopa,792104
Arunachal-Pradesh,Khotnu,792131
Arunachal-Pradesh,Kibitho,792104
Arunachal-Pradesh,Kimin,791121
Arunachal-Pradesh,Kitpi,790104
Arunachal-Pradesh,Kokila,791123
Arunachal-Pradesh,Koloriang,791118
Arunachal-Pradesh,Kombo,791001
Arunachal-Pradesh,Korang,791102
Arunachal-Pradesh,Koranu,792110
Arunachal-Pradesh,Koyu,791102
Arunachal-Pradesh,Kronli,792110
Arunachal-Pradesh,Kumari Kachari,792105
Arunachal-Pradesh,Kumsai,792103
Arunachal-Pradesh,Kutum Basti,792122
Arunachal-Pradesh,Lada,790102
Arunachal-Pradesh,Lallung,792056
Arunachal-Pradesh,Lathao,792103
Arunachal-Pradesh,Lazu,792130
Arunachal-Pradesh,Ledum,791102
Arunachal-Pradesh,Lemiking,791122
Arunachal-Pradesh,Lepajaring,791122
Arunachal-Pradesh,Lhou,790105
Arunachal-Pradesh,Likabali,791125
Arunachal-Pradesh,Liromoba,791101
Arunachal-Pradesh,Lish,790101
Arunachal-Pradesh,Logum Jining,791001
Arunachal-Pradesh,Lohitpur,792001
Arunachal-Pradesh,Loiliang,792001
Arunachal-Pradesh,Longding,792131
Arunachal-Pradesh,Longfong,792131
Arunachal-Pradesh,Lumberdung,790104
Arunachal-Pradesh,Lumla,790106
Arunachal-Pradesh,Mahadevpur Lohit,792105
Arunachal-Pradesh,Manabhum,792122
Arunachal-Pradesh,Manmao,792103
Arunachal-Pradesh,Manmao,792121
Arunachal-Pradesh,Mariyang,791002
Arunachal-Pradesh,Maro,791122
Arunachal-Pradesh,Mebo,791104
Arunachal-Pradesh,Mechuka,791003
Arunachal-Pradesh,Medo,792102
Arunachal-Pradesh,Meka,792110
Arunachal-Pradesh,Mengio,791119
Arunachal-Pradesh,Meteliang,792104
Arunachal-Pradesh,Miao,792122
Arunachal-Pradesh,Midpu,791112
Arunachal-Pradesh,Migging,791105
Arunachal-Pradesh,Minthong,792131
Arunachal-Pradesh,Model Village,791110
Arunachal-Pradesh,Momong,792102
Arunachal-Pradesh,Monigong,791001
Arunachal-Pradesh,Mukto,790105
Arunachal-Pradesh,Munna Camp,790101
Arunachal-Pradesh,Muri,791122
Arunachal-Pradesh,Nacho,791122
Arunachal-Pradesh,Nafra,790001
Arunachal-Pradesh,Naharlagun,791110
Arunachal-Pradesh,Namchik,792122
Arunachal-Pradesh,Namdang,792120
Arunachal-Pradesh,Namphai,792122
Arunachal-Pradesh,Nampong,792103
Arunachal-Pradesh,Nampong,792123
Arunachal-Pradesh,Namsai,792103
Arunachal-Pradesh,Namsang,792129
Arunachal-Pradesh,Namsang Mukh,792129
Arunachal-Pradesh,Namsing,791104
Arunachal-Pradesh,Namtok,792120
Arunachal-Pradesh,Nanam,792103
Arunachal-Pradesh,Nari,791102
Arunachal-Pradesh,Narottam Nagar,792129
Arunachal-Pradesh,New Mohang,792056
Arunachal-Pradesh,Nginu,792131
Arunachal-Pradesh,Ngopok,791104
Arunachal-Pradesh,Niausa,792131
Arunachal-Pradesh,Nikte,791001
Arunachal-Pradesh,Nirjuli,791109
Arunachal-Pradesh,Nyapin,791118
Arunachal-Pradesh,Old Ziro,791120
Arunachal-Pradesh,Oyan,791102
Arunachal-Pradesh,P Kessang,790102
Arunachal-Pradesh,Paglam,792110
Arunachal-Pradesh,Palin,791118
Arunachal-Pradesh,Palizi,790102
Arunachal-Pradesh,Panchou,792131
Arunachal-Pradesh,Pangin,791102
Arunachal-Pradesh,Parbuk,792110
Arunachal-Pradesh,Pasighat,791102
Arunachal-Pradesh,Payum,791001
Arunachal-Pradesh,Pessing,791001
Arunachal-Pradesh,Peyong,792103
Arunachal-Pradesh,Pipu dipu,790102
Arunachal-Pradesh,Podumani,792105
Arunachal-Pradesh,Raga,791120
Arunachal-Pradesh,Rahung,790001
Arunachal-Pradesh,Rajanagar,792056
Arunachal-Pradesh,Ram Krishna Mission,791113
Arunachal-Pradesh,Ranga Nadi Project,791119
Arunachal-Pradesh,Rangfrah Covt College,792120
Arunachal-Pradesh,Ranglum,792120
Arunachal-Pradesh,Rani,791102
Arunachal-Pradesh,Renging,791102
Arunachal-Pradesh,Riga,791102
Arunachal-Pradesh,Roing,792110
Arunachal-Pradesh,Ruksin,791102
Arunachal-Pradesh,Rumgong,791001
Arunachal-Pradesh,Rupa,790003
Arunachal-Pradesh,Saglee,791112
Arunachal-Pradesh,Sakpret,790104
Arunachal-Pradesh,Salari,790001
Arunachal-Pradesh,Sangram,791118
Arunachal-Pradesh,Sangti,790101
Arunachal-Pradesh,Santipur,792110
Arunachal-Pradesh,Sarli,791118
Arunachal-Pradesh,Seijosa,790103
Arunachal-Pradesh,Senewa,792131
Arunachal-Pradesh,Senge,790101
Arunachal-Pradesh,Seppa,790102
Arunachal-Pradesh,Shergaon,790003
Arunachal-Pradesh,Shimong,791002
Arunachal-Pradesh,Sille,791102
Arunachal-Pradesh,Silluk,791104
Arunachal-Pradesh,Singa,791105
Arunachal-Pradesh,Singchung,790116
Arunachal-Pradesh,Sippi,791122
Arunachal-Pradesh,Sirem,791104
Arunachal-Pradesh,Siyum,791122
Arunachal-Pradesh,Soha,792129
Arunachal-Pradesh,Sonajuli,791123
Arunachal-Pradesh,Suchana Nagar,791113
Arunachal-Pradesh,Sunpura,792111
Arunachal-Pradesh,Tabarijo,791122
Arunachal-Pradesh,Tafragram,792001
Arunachal-Pradesh,Taksing,791122
Arunachal-Pradesh,Tali,791118
Arunachal-Pradesh,Taliha,791122
Arunachal-Pradesh,Talo,791120
Arunachal-Pradesh,Tato,791001
Arunachal-Pradesh,Tawang,790104
Arunachal-Pradesh,Temple Gompa,790104
Arunachal-Pradesh,Tenga Market,790116
Arunachal-Pradesh,Tenzingaon,790002
Arunachal-Pradesh,Tezu Covt College,792001
Arunachal-Pradesh,Tezu,792001
Arunachal-Pradesh,Thingbu,790105
Arunachal-Pradesh,Thinsa,792130
Arunachal-Pradesh,Thrizino,790102
Arunachal-Pradesh,Tindolong,792001
Arunachal-Pradesh,Tippi,790114
Arunachal-Pradesh,Tirbin,791101
Arunachal-Pradesh,Tissa,792131
Arunachal-Pradesh,Tupi,792130
Arunachal-Pradesh,Tuting,791105
Arunachal-Pradesh,Two hat,792055
Arunachal-Pradesh,Udaipur,792103
Arunachal-Pradesh,Vally View,792130
Arunachal-Pradesh,Veo,790102
Arunachal-Pradesh,Vijoynagar,792055
Arunachal-Pradesh,Vijoypur,792056
Arunachal-Pradesh,Vivek Nagar,791001
Arunachal-Pradesh,Vivek Vihar,791113
Arunachal-Pradesh,Wakka,792131
Arunachal-Pradesh,Wakro,792102
Arunachal-Pradesh,Wallong,792104
Arunachal-Pradesh,Wingko,792103
Arunachal-Pradesh,Yachuli,791120
Arunachal-Pradesh,Yagrung,791102
Arunachal-Pradesh,Yangkang,792120
Arunachal-Pradesh,Yatong,792104
Arunachal-Pradesh,Yazali,791119
Arunachal-Pradesh,Yealing,792111
Arunachal-Pradesh,Yingkiong,791002
Arunachal-Pradesh,Yoji Yora,791001
Arunachal-Pradesh,Yomcha,791001
Arunachal-Pradesh,Yupia,791110
Arunachal-Pradesh,Zimithang,790106
Arunachal-Pradesh,Ziro,791120
